i_type, w_type, o_type, H, W, C, FH, FW, K, SH, SW, has_bias, time(us), GPOS/s
NPU_INT8,NPU_INT8,NPU_INT8,2,2,8,1,1,8,1,1,0,38,0.013474
NPU_INT8,NPU_INT8,NPU_INT8,2,4,64,1,1,8,1,1,0,35,0.234057
NPU_INT8,NPU_INT8,NPU_INT8,6,8,256,1,1,8,1,1,0,83,2.368771
NPU_INT8,NPU_INT8,NPU_INT8,8,8,16,1,1,16,1,1,0,38,0.862316
NPU_INT8,NPU_INT8,NPU_INT8,2,4,128,1,1,16,1,1,0,41,0.799219
NPU_INT8,NPU_INT8,NPU_INT8,4,6,512,1,1,16,1,1,0,110,3.574691
NPU_INT8,NPU_INT8,NPU_INT8,6,8,32,1,1,32,1,1,0,46,2.137043
NPU_INT8,NPU_INT8,NPU_INT8,2,2,128,1,1,32,1,1,0,47,0.697191
NPU_INT8,NPU_INT8,NPU_INT8,2,4,512,1,1,32,1,1,0,107,2.449944
NPU_INT8,NPU_INT8,NPU_INT8,4,6,8,1,1,64,1,1,0,41,0.599415
NPU_INT8,NPU_INT8,NPU_INT8,6,8,64,1,1,64,1,1,0,77,5.106701
NPU_INT8,NPU_INT8,NPU_INT8,8,8,256,1,1,64,1,1,0,224,9.362286
NPU_INT8,NPU_INT8,NPU_INT8,2,4,8,1,1,128,1,1,0,44,0.372364
NPU_INT8,NPU_INT8,NPU_INT8,6,8,64,1,1,128,1,1,0,115,6.838539
NPU_INT8,NPU_INT8,NPU_INT8,8,8,512,1,1,128,1,1,0,764,10.979853
NPU_INT8,NPU_INT8,NPU_INT8,2,2,16,1,1,256,1,1,0,63,0.520127
NPU_INT8,NPU_INT8,NPU_INT8,4,4,64,1,1,256,1,1,0,123,4.262504
NPU_INT8,NPU_INT8,NPU_INT8,6,6,128,1,1,256,1,1,0,277,8.517314
NPU_INT8,NPU_INT8,NPU_INT8,8,8,256,1,1,256,1,1,0,518,16.194223
NPU_INT8,NPU_INT8,NPU_INT8,10,16,8,1,1,8,1,1,0,40,0.512
NPU_INT8,NPU_INT8,NPU_INT8,10,16,16,1,1,8,1,1,0,44,0.930909
NPU_INT8,NPU_INT8,NPU_INT8,10,16,32,1,1,8,1,1,0,53,1.54566
NPU_INT8,NPU_INT8,NPU_INT8,16,20,64,1,1,8,1,1,0,172,1.905116
NPU_INT8,NPU_INT8,NPU_INT8,16,20,128,1,1,8,1,1,0,290,2.259862
NPU_INT8,NPU_INT8,NPU_INT8,16,20,256,1,1,8,1,1,0,534,2.454532
NPU_INT8,NPU_INT8,NPU_INT8,16,20,512,1,1,8,1,1,0,1173,2.234817
NPU_INT8,NPU_INT8,NPU_INT8,16,20,8,1,1,16,1,1,0,85,0.963765
NPU_INT8,NPU_INT8,NPU_INT8,16,20,16,1,1,16,1,1,0,98,1.671837
NPU_INT8,NPU_INT8,NPU_INT8,16,20,32,1,1,16,1,1,0,127,2.580157
NPU_INT8,NPU_INT8,NPU_INT8,16,20,64,1,1,16,1,1,0,185,3.542486
NPU_INT8,NPU_INT8,NPU_INT8,18,22,128,1,1,16,1,1,0,360,4.5056
NPU_INT8,NPU_INT8,NPU_INT8,18,22,256,1,1,16,1,1,0,737,4.401672
NPU_INT8,NPU_INT8,NPU_INT8,20,24,512,1,1,16,1,1,0,2281,3.447751
NPU_INT8,NPU_INT8,NPU_INT8,20,24,8,1,1,32,1,1,0,129,1.905116
NPU_INT8,NPU_INT8,NPU_INT8,20,24,16,1,1,32,1,1,0,148,3.321081
NPU_INT8,NPU_INT8,NPU_INT8,20,24,32,1,1,32,1,1,0,187,5.256898
NPU_INT8,NPU_INT8,NPU_INT8,20,24,64,1,1,32,1,1,0,272,7.228236
NPU_INT8,NPU_INT8,NPU_INT8,20,24,128,1,1,32,1,1,0,471,8.348536
NPU_INT8,NPU_INT8,NPU_INT8,10,16,256,1,1,32,1,1,0,343,7.642682
NPU_INT8,NPU_INT8,NPU_INT8,10,16,512,1,1,32,1,1,0,1297,4.042313
NPU_INT8,NPU_INT8,NPU_INT8,10,16,8,1,1,64,1,1,0,75,2.184533
NPU_INT8,NPU_INT8,NPU_INT8,16,20,16,1,1,64,1,1,0,173,3.788208
NPU_INT8,NPU_INT8,NPU_INT8,16,20,32,1,1,64,1,1,0,206,6.362719
NPU_INT8,NPU_INT8,NPU_INT8,16,20,64,1,1,64,1,1,0,277,9.463682
NPU_INT8,NPU_INT8,NPU_INT8,16,20,128,1,1,64,1,1,0,464,11.299311
NPU_INT8,NPU_INT8,NPU_INT8,16,20,256,1,1,64,1,1,0,1631,6.429037
NPU_INT8,NPU_INT8,NPU_INT8,16,20,512,1,1,64,1,1,0,4629,4.530464
NPU_INT8,NPU_INT8,NPU_INT8,16,20,8,1,1,128,1,1,0,260,2.520615
NPU_INT8,NPU_INT8,NPU_INT8,18,22,16,1,1,128,1,1,0,310,5.23231
NPU_INT8,NPU_INT8,NPU_INT8,18,22,32,1,1,128,1,1,0,359,9.036302
NPU_INT8,NPU_INT8,NPU_INT8,20,24,64,1,1,128,1,1,0,748,10.513797
NPU_INT8,NPU_INT8,NPU_INT8,20,24,128,1,1,128,1,1,0,1299,12.108269
NPU_INT8,NPU_INT8,NPU_INT8,20,24,256,1,1,128,1,1,0,2555,12.312047
NPU_INT8,NPU_INT8,NPU_INT8,20,24,512,1,1,128,1,1,0,9164,6.865404
NPU_INT8,NPU_INT8,NPU_INT8,20,24,8,1,1,256,1,1,0,611,3.217807
NPU_INT8,NPU_INT8,NPU_INT8,20,24,16,1,1,256,1,1,0,668,5.886467
NPU_INT8,NPU_INT8,NPU_INT8,20,24,32,1,1,256,1,1,0,762,10.32063
NPU_INT8,NPU_INT8,NPU_INT8,10,14,64,1,1,256,1,1,0,349,13.144754
NPU_INT8,NPU_INT8,NPU_INT8,10,14,128,1,1,256,1,1,0,555,16.531603
NPU_INT8,NPU_INT8,NPU_INT8,10,14,256,1,1,256,1,1,0,1185,15.485298
NPU_INT8,NPU_INT8,NPU_INT8,14,20,512,1,1,256,1,1,0,11814,6.212995
NPU_INT8,NPU_INT8,NPU_INT8,26,32,128,1,1,128,1,1,0,1594,17.103498
NPU_INT8,NPU_INT8,NPU_INT8,26,32,256,1,1,128,1,1,0,3576,15.247749
NPU_INT8,NPU_INT8,NPU_INT8,26,32,512,1,1,128,1,1,0,12383,8.806582
NPU_INT8,NPU_INT8,NPU_INT8,26,32,512,1,1,256,1,1,0,24603,8.864927
NPU_INT8,NPU_INT8,NPU_INT8,28,32,128,1,1,256,1,1,0,3281,17.89706
NPU_INT8,NPU_INT8,NPU_INT8,28,32,256,1,1,256,1,1,0,7473,15.715311
NPU_INT8,NPU_INT8,NPU_INT8,36,42,64,1,1,8,1,1,0,752,2.058894
NPU_INT8,NPU_INT8,NPU_INT8,36,42,256,1,1,16,1,1,0,2543,4.870745
NPU_INT8,NPU_INT8,NPU_INT8,36,42,256,1,1,8,1,1,0,2476,2.501273
NPU_INT8,NPU_INT8,NPU_INT8,42,46,512,1,1,64,1,1,0,26580,4.763565
NPU_INT8,NPU_INT8,NPU_INT8,46,52,512,1,1,8,1,1,0,11339,1.72813
NPU_INT8,NPU_INT8,NPU_INT8,56,64,16,1,1,256,1,1,0,4263,6.887199
NPU_INT8,NPU_INT8,NPU_INT8,56,64,512,1,1,16,1,1,0,14907,3.939106
NPU_INT8,NPU_INT8,NPU_INT8,56,64,32,1,1,256,1,1,0,4809,12.210492
NPU_INT8,NPU_INT8,NPU_INT8,64,66,64,1,1,256,1,1,0,11221,12.335089
NPU_INT8,NPU_INT8,NPU_INT8,64,66,256,1,1,64,1,1,0,13856,9.989321
NPU_INT8,NPU_INT8,NPU_INT8,68,76,128,1,1,32,1,1,0,5093,8.312636
NPU_INT8,NPU_INT8,NPU_INT8,68,76,256,1,1,32,1,1,0,9086,9.319009
NPU_INT8,NPU_INT8,NPU_INT8,68,76,512,1,1,32,1,1,0,40870,4.143505
NPU_INT8,NPU_INT8,NPU_INT8,68,76,8,1,1,64,1,1,0,2115,2.502143
NPU_INT8,NPU_INT8,NPU_INT8,78,82,64,1,1,64,1,1,0,4654,11.258279
NPU_INT8,NPU_INT8,NPU_INT8,78,82,128,1,1,64,1,1,0,7057,14.849379
NPU_INT8,NPU_INT8,NPU_INT8,78,82,8,1,1,256,1,1,0,8859,2.95722
NPU_INT8,NPU_INT8,NPU_INT8,78,82,8,1,1,8,1,1,0,971,0.843139
NPU_INT8,NPU_INT8,NPU_INT8,78,82,32,1,1,128,1,1,0,5289,9.906605
NPU_INT8,NPU_INT8,NPU_INT8,84,90,64,1,1,128,1,1,0,7041,17.591684
NPU_INT8,NPU_INT8,NPU_INT8,84,90,64,1,1,32,1,1,0,3929,7.881334
NPU_INT8,NPU_INT8,NPU_INT8,84,90,128,1,1,8,1,1,0,5735,2.699718
NPU_INT8,NPU_INT8,NPU_INT8,84,90,32,1,1,32,1,1,0,2641,5.862507
NPU_INT8,NPU_INT8,NPU_INT8,84,90,8,1,1,128,1,1,0,4660,3.322507
NPU_INT8,NPU_INT8,NPU_INT8,92,98,16,1,1,128,1,1,0,6714,5.500379
NPU_INT8,NPU_INT8,NPU_INT8,92,98,128,1,1,16,1,1,0,8036,4.595512
NPU_INT8,NPU_INT8,NPU_INT8,92,98,64,1,1,16,1,1,0,4723,3.909543
NPU_INT8,NPU_INT8,NPU_INT8,92,98,8,1,1,32,1,1,0,2476,1.864375
NPU_INT8,NPU_INT8,NPU_INT8,106,102,16,1,1,32,1,1,0,3207,3.452288
NPU_INT8,NPU_INT8,NPU_INT8,106,108,16,1,1,8,1,1,0,2137,1.371403
NPU_INT8,NPU_INT8,NPU_INT8,114,108,32,1,1,8,1,1,0,3248,1.940808
NPU_INT8,NPU_INT8,NPU_INT8,114,112,32,1,1,16,1,1,0,3483,3.753785
NPU_INT8,NPU_INT8,NPU_INT8,122,116,8,1,1,16,1,1,0,2249,1.610899
NPU_INT8,NPU_INT8,NPU_INT8,122,120,16,1,1,16,1,1,0,2688,2.788571
NPU_INT8,NPU_INT8,NPU_INT8,128,128,16,1,1,64,1,1,0,5572,6.021973
NPU_INT8,NPU_INT8,NPU_INT8,112,104,32,1,1,64,1,1,0,5428,8.789648
NPU_INT8,NPU_INT8,NPU_INT8,112,112,8,1,1,8,1,1,0,1488,1.079054
NPU_INT8,NPU_INT8,NPU_INT8,224,224,8,1,1,8,1,1,0,5866,1.094874
NPU_INT8,NPU_INT8,NPU_INT8,6,8,256,3,3,8,1,1,0,159,5.564377
NPU_INT8,NPU_INT8,NPU_INT8,8,8,16,3,3,16,1,1,0,48,3.456
NPU_INT8,NPU_INT8,NPU_INT8,4,6,512,3,3,16,1,1,0,366,3.223082
NPU_INT8,NPU_INT8,NPU_INT8,6,8,32,3,3,32,1,1,0,84,5.266285
NPU_INT8,NPU_INT8,NPU_INT8,4,6,8,3,3,64,1,1,0,48,1.536
NPU_INT8,NPU_INT8,NPU_INT8,6,8,64,3,3,64,1,1,0,231,7.660051
NPU_INT8,NPU_INT8,NPU_INT8,8,8,256,3,3,64,1,1,0,1017,10.439363
NPU_INT8,NPU_INT8,NPU_INT8,6,8,64,3,3,128,1,1,0,343,10.31762
NPU_INT8,NPU_INT8,NPU_INT8,8,8,512,3,3,128,1,1,0,12715,3.339939
NPU_INT8,NPU_INT8,NPU_INT8,4,4,64,3,3,256,1,1,0,542,2.176472
NPU_INT8,NPU_INT8,NPU_INT8,6,6,128,3,3,256,1,1,0,1142,8.263734
NPU_INT8,NPU_INT8,NPU_INT8,8,8,256,3,3,256,1,1,0,3851,11.027611
NPU_INT8,NPU_INT8,NPU_INT8,10,16,8,3,3,8,1,1,0,45,2.8672
NPU_INT8,NPU_INT8,NPU_INT8,10,16,16,3,3,8,1,1,0,53,4.868831
NPU_INT8,NPU_INT8,NPU_INT8,10,16,32,3,3,8,1,1,0,75,6.88128
NPU_INT8,NPU_INT8,NPU_INT8,16,20,64,3,3,8,1,1,0,204,11.384472
NPU_INT8,NPU_INT8,NPU_INT8,16,20,128,3,3,8,1,1,0,370,12.553688
NPU_INT8,NPU_INT8,NPU_INT8,16,20,256,3,3,8,1,1,0,870,10.677849
NPU_INT8,NPU_INT8,NPU_INT8,16,20,512,3,3,8,1,1,0,4534,4.097807
NPU_INT8,NPU_INT8,NPU_INT8,16,20,8,3,3,16,1,1,0,75,7.741441
NPU_INT8,NPU_INT8,NPU_INT8,16,20,16,3,3,16,1,1,0,108,10.752001
NPU_INT8,NPU_INT8,NPU_INT8,16,20,32,3,3,16,1,1,0,176,13.195637
NPU_INT8,NPU_INT8,NPU_INT8,16,20,64,3,3,16,1,1,0,315,14.745602
NPU_INT8,NPU_INT8,NPU_INT8,18,22,128,3,3,16,1,1,0,705,16.732597
NPU_INT8,NPU_INT8,NPU_INT8,18,22,256,3,3,16,1,1,0,1698,13.894558
NPU_INT8,NPU_INT8,NPU_INT8,20,24,512,3,3,16,1,1,0,19178,3.044769
NPU_INT8,NPU_INT8,NPU_INT8,20,24,8,3,3,32,1,1,0,150,12.16512
NPU_INT8,NPU_INT8,NPU_INT8,20,24,16,3,3,32,1,1,0,239,15.270025
NPU_INT8,NPU_INT8,NPU_INT8,20,24,32,3,3,32,1,1,0,416,17.545847
NPU_INT8,NPU_INT8,NPU_INT8,20,24,64,3,3,32,1,1,0,771,18.93404
NPU_INT8,NPU_INT8,NPU_INT8,20,24,128,3,3,32,1,1,0,1648,17.716194
NPU_INT8,NPU_INT8,NPU_INT8,10,16,256,3,3,32,1,1,0,1656,9.97287
NPU_INT8,NPU_INT8,NPU_INT8,10,16,512,3,3,32,1,1,0,7939,4.160492
NPU_INT8,NPU_INT8,NPU_INT8,10,16,8,3,3,64,1,1,0,111,9.299026
NPU_INT8,NPU_INT8,NPU_INT8,16,20,16,3,3,64,1,1,0,303,15.329584
NPU_INT8,NPU_INT8,NPU_INT8,16,20,32,3,3,64,1,1,0,526,17.661081
NPU_INT8,NPU_INT8,NPU_INT8,16,20,64,3,3,64,1,1,0,914,20.327633
NPU_INT8,NPU_INT8,NPU_INT8,16,20,128,3,3,64,1,1,0,1673,22.210945
NPU_INT8,NPU_INT8,NPU_INT8,16,20,256,3,3,64,1,1,0,5725,12.981279
NPU_INT8,NPU_INT8,NPU_INT8,16,20,512,3,3,64,1,1,0,35154,4.228129
NPU_INT8,NPU_INT8,NPU_INT8,16,20,8,3,3,128,1,1,0,339,13.701664
NPU_INT8,NPU_INT8,NPU_INT8,18,22,16,3,3,128,1,1,0,663,17.79258
NPU_INT8,NPU_INT8,NPU_INT8,18,22,32,3,3,128,1,1,0,1144,20.623219
NPU_INT8,NPU_INT8,NPU_INT8,20,24,64,3,3,128,1,1,0,2561,22.800694
NPU_INT8,NPU_INT8,NPU_INT8,20,24,128,3,3,128,1,1,0,6131,19.048306
NPU_INT8,NPU_INT8,NPU_INT8,20,24,256,3,3,128,1,1,0,25312,9.227652
NPU_INT8,NPU_INT8,NPU_INT8,20,24,512,3,3,128,1,1,0,153213,3.048962
NPU_INT8,NPU_INT8,NPU_INT8,20,24,8,3,3,256,1,1,0,883,16.53244
NPU_INT8,NPU_INT8,NPU_INT8,20,24,16,3,3,256,1,1,0,1372,21.280094
NPU_INT8,NPU_INT8,NPU_INT8,20,24,32,3,3,256,1,1,0,2536,23.025465
NPU_INT8,NPU_INT8,NPU_INT8,10,14,64,3,3,256,1,1,0,1327,21.335005
NPU_INT8,NPU_INT8,NPU_INT8,10,14,128,3,3,256,1,1,0,2466,22.961517
NPU_INT8,NPU_INT8,NPU_INT8,10,14,256,3,3,256,1,1,0,11810,9.589009
NPU_INT8,NPU_INT8,NPU_INT8,14,20,512,3,3,256,1,1,0,115202,4.423603
NPU_INT8,NPU_INT8,NPU_INT8,26,32,128,3,3,128,1,1,0,8734,24.311499
NPU_INT8,NPU_INT8,NPU_INT8,26,32,256,3,3,128,1,1,0,32251,13.167755
NPU_INT8,NPU_INT8,NPU_INT8,26,32,512,3,3,128,1,1,0,220150,3.858036
NPU_INT8,NPU_INT8,NPU_INT8,26,32,512,3,3,256,1,1,0,440267,3.858325
NPU_INT8,NPU_INT8,NPU_INT8,28,32,128,3,3,256,1,1,0,21413,21.485209
NPU_INT8,NPU_INT8,NPU_INT8,28,32,256,3,3,256,1,1,0,100711,9.136296
NPU_INT8,NPU_INT8,NPU_INT8,36,42,64,3,3,8,1,1,0,803,15.608667
NPU_INT8,NPU_INT8,NPU_INT8,36,42,256,3,3,16,1,1,0,6761,14.830658
NPU_INT8,NPU_INT8,NPU_INT8,36,42,256,3,3,8,1,1,0,3472,14.439816
NPU_INT8,NPU_INT8,NPU_INT8,42,46,512,3,3,64,1,1,0,237380,4.373116
NPU_INT8,NPU_INT8,NPU_INT8,46,52,512,3,3,8,1,1,0,57575,2.817223
NPU_INT8,NPU_INT8,NPU_INT8,56,64,16,3,3,256,1,1,0,10500,23.508699
NPU_INT8,NPU_INT8,NPU_INT8,56,64,512,3,3,16,1,1,0,128777,3.833625
NPU_INT8,NPU_INT8,NPU_INT8,56,64,32,3,3,256,1,1,0,20530,24.046892
NPU_INT8,NPU_INT8,NPU_INT8,64,66,64,3,3,256,1,1,0,47248,24.767414
NPU_INT8,NPU_INT8,NPU_INT8,64,66,256,3,3,64,1,1,0,88897,13.16367
NPU_INT8,NPU_INT8,NPU_INT8,68,76,128,3,3,32,1,1,0,15778,22.822128
NPU_INT8,NPU_INT8,NPU_INT8,68,76,256,3,3,32,1,1,0,52205,13.795137
NPU_INT8,NPU_INT8,NPU_INT8,68,76,512,3,3,32,1,1,0,398088,3.61817
NPU_INT8,NPU_INT8,NPU_INT8,68,76,8,3,3,64,1,1,0,2362,19.056286
NPU_INT8,NPU_INT8,NPU_INT8,78,82,64,3,3,64,1,1,0,18142,24.708755
NPU_INT8,NPU_INT8,NPU_INT8,78,82,128,3,3,64,1,1,0,36136,24.809954
NPU_INT8,NPU_INT8,NPU_INT8,78,82,8,3,3,256,1,1,0,12363,18.129347
NPU_INT8,NPU_INT8,NPU_INT8,78,82,8,3,3,8,1,1,0,846,8.279149
NPU_INT8,NPU_INT8,NPU_INT8,78,82,32,3,3,128,1,1,0,18119,24.74012
NPU_INT8,NPU_INT8,NPU_INT8,84,90,64,3,3,128,1,1,0,44611,23.851574
NPU_INT8,NPU_INT8,NPU_INT8,84,90,64,3,3,32,1,1,0,10848,24.521629
NPU_INT8,NPU_INT8,NPU_INT8,84,90,128,3,3,8,1,1,0,6641,20.027905
NPU_INT8,NPU_INT8,NPU_INT8,84,90,32,3,3,32,1,1,0,5563,23.908916
NPU_INT8,NPU_INT8,NPU_INT8,84,90,8,3,3,128,1,1,0,5696,23.350651
NPU_INT8,NPU_INT8,NPU_INT8,92,98,16,3,3,128,1,1,0,13088,24.335648
NPU_INT8,NPU_INT8,NPU_INT8,92,98,128,3,3,16,1,1,0,13242,24.052631
NPU_INT8,NPU_INT8,NPU_INT8,92,98,64,3,3,16,1,1,0,6793,23.443615
NPU_INT8,NPU_INT8,NPU_INT8,92,98,8,3,3,32,1,1,0,2383,16.707142
NPU_INT8,NPU_INT8,NPU_INT8,106,102,16,3,3,32,1,1,0,4280,22.39402
NPU_INT8,NPU_INT8,NPU_INT8,106,108,16,3,3,8,1,1,0,2204,11.524182
NPU_INT8,NPU_INT8,NPU_INT8,114,108,32,3,3,8,1,1,0,3510,15.585806
NPU_INT8,NPU_INT8,NPU_INT8,114,112,32,3,3,16,1,1,0,4973,22.831514
NPU_INT8,NPU_INT8,NPU_INT8,122,116,8,3,3,16,1,1,0,2217,14.216833
NPU_INT8,NPU_INT8,NPU_INT8,122,120,16,3,3,16,1,1,0,3034,21.506025
NPU_INT8,NPU_INT8,NPU_INT8,128,128,16,3,3,64,1,1,0,12061,24.262203
NPU_INT8,NPU_INT8,NPU_INT8,112,104,32,3,3,64,1,1,0,16813,24.600849
NPU_INT8,NPU_INT8,NPU_INT8,112,112,8,3,3,8,1,1,0,1809,7.705472
NPU_INT8,NPU_INT8,NPU_INT8,224,224,8,3,3,8,1,1,0,7676,7.396453
NPU_INT8,NPU_INT8,NPU_INT8,2,2,8,5,5,8,1,1,0,37,0.345946
NPU_INT8,NPU_INT8,NPU_INT8,6,8,256,5,5,8,1,1,0,263,3.114829
NPU_INT8,NPU_INT8,NPU_INT8,8,8,16,5,5,16,1,1,0,63,3.250793
NPU_INT8,NPU_INT8,NPU_INT8,6,8,32,5,5,32,1,1,0,135,3.034074
NPU_INT8,NPU_INT8,NPU_INT8,2,2,128,5,5,32,1,1,0,378,2.167196
NPU_INT8,NPU_INT8,NPU_INT8,6,8,64,5,5,64,1,1,0,414,3.957488
NPU_INT8,NPU_INT8,NPU_INT8,8,8,256,5,5,64,1,1,0,2333,5.618174
NPU_INT8,NPU_INT8,NPU_INT8,6,8,64,5,5,128,1,1,0,776,4.22268
NPU_INT8,NPU_INT8,NPU_INT8,8,8,512,5,5,128,1,1,0,7759,6.757159
NPU_INT8,NPU_INT8,NPU_INT8,2,2,16,5,5,256,1,1,0,380,2.155789
NPU_INT8,NPU_INT8,NPU_INT8,6,6,128,5,5,256,1,1,0,3338,1.963331
NPU_INT8,NPU_INT8,NPU_INT8,8,8,256,5,5,256,1,1,0,9254,5.665528
NPU_INT8,NPU_INT8,NPU_INT8,10,16,8,5,5,8,1,1,0,51,4.517647
NPU_INT8,NPU_INT8,NPU_INT8,10,16,16,5,5,8,1,1,0,67,6.877612
NPU_INT8,NPU_INT8,NPU_INT8,10,16,32,5,5,8,1,1,0,103,8.947573
NPU_INT8,NPU_INT8,NPU_INT8,16,20,64,5,5,8,1,1,0,329,14.939817
NPU_INT8,NPU_INT8,NPU_INT8,16,20,128,5,5,8,1,1,0,642,15.312151
NPU_INT8,NPU_INT8,NPU_INT8,16,20,256,5,5,8,1,1,0,1481,13.275354
NPU_INT8,NPU_INT8,NPU_INT8,16,20,512,5,5,8,1,1,0,2762,14.236641
NPU_INT8,NPU_INT8,NPU_INT8,16,20,8,5,5,16,1,1,0,106,11.592453
NPU_INT8,NPU_INT8,NPU_INT8,16,20,16,5,5,16,1,1,0,170,14.45647
NPU_INT8,NPU_INT8,NPU_INT8,16,20,32,5,5,16,1,1,0,302,16.275497
NPU_INT8,NPU_INT8,NPU_INT8,16,20,64,5,5,16,1,1,0,566,17.368198
NPU_INT8,NPU_INT8,NPU_INT8,18,22,128,5,5,16,1,1,0,1324,19.49003
NPU_INT8,NPU_INT8,NPU_INT8,18,22,256,5,5,16,1,1,0,4971,10.382136
NPU_INT8,NPU_INT8,NPU_INT8,20,24,512,5,5,16,1,1,0,9195,14.254704
NPU_INT8,NPU_INT8,NPU_INT8,20,24,8,5,5,32,1,1,0,250,16.383999
NPU_INT8,NPU_INT8,NPU_INT8,20,24,16,5,5,32,1,1,0,440,18.618183
NPU_INT8,NPU_INT8,NPU_INT8,20,24,32,5,5,32,1,1,0,823,19.907654
NPU_INT8,NPU_INT8,NPU_INT8,20,24,64,5,5,32,1,1,0,1508,21.729443
NPU_INT8,NPU_INT8,NPU_INT8,20,24,128,5,5,32,1,1,0,2980,21.991947
NPU_INT8,NPU_INT8,NPU_INT8,10,16,256,5,5,32,1,1,0,2374,12.422578
NPU_INT8,NPU_INT8,NPU_INT8,10,16,512,5,5,32,1,1,0,3702,15.932577
NPU_INT8,NPU_INT8,NPU_INT8,10,16,8,5,5,64,1,1,0,162,11.377777
NPU_INT8,NPU_INT8,NPU_INT8,16,20,16,5,5,64,1,1,0,546,18.004396
NPU_INT8,NPU_INT8,NPU_INT8,16,20,32,5,5,64,1,1,0,951,20.673817
NPU_INT8,NPU_INT8,NPU_INT8,16,20,64,5,5,64,1,1,0,1740,22.598621
NPU_INT8,NPU_INT8,NPU_INT8,16,20,128,5,5,64,1,1,0,3538,22.228153
NPU_INT8,NPU_INT8,NPU_INT8,16,20,256,5,5,64,1,1,0,12946,12.149422
NPU_INT8,NPU_INT8,NPU_INT8,16,20,512,5,5,64,1,1,0,20886,15.06142
NPU_INT8,NPU_INT8,NPU_INT8,16,20,8,5,5,128,1,1,0,573,17.156021
NPU_INT8,NPU_INT8,NPU_INT8,18,22,16,5,5,128,1,1,0,1195,21.593975
NPU_INT8,NPU_INT8,NPU_INT8,18,22,32,5,5,128,1,1,0,2210,23.35276
NPU_INT8,NPU_INT8,NPU_INT8,20,24,64,5,5,128,1,1,0,5442,24.085262
NPU_INT8,NPU_INT8,NPU_INT8,20,24,128,5,5,128,1,1,0,11387,23.021339
NPU_INT8,NPU_INT8,NPU_INT8,20,24,256,5,5,128,1,1,0,45224,11.593136
NPU_INT8,NPU_INT8,NPU_INT8,20,24,512,5,5,128,1,1,0,72773,14.408861
NPU_INT8,NPU_INT8,NPU_INT8,20,24,8,5,5,256,1,1,0,1517,21.600529
NPU_INT8,NPU_INT8,NPU_INT8,20,24,16,5,5,256,1,1,0,2780,23.5741
NPU_INT8,NPU_INT8,NPU_INT8,20,24,32,5,5,256,1,1,0,5414,24.209827
NPU_INT8,NPU_INT8,NPU_INT8,10,14,64,5,5,256,1,1,0,2197,22.372326
NPU_INT8,NPU_INT8,NPU_INT8,10,14,128,5,5,256,1,1,0,4770,20.608805
NPU_INT8,NPU_INT8,NPU_INT8,10,14,256,5,5,256,1,1,0,16784,11.714013
NPU_INT8,NPU_INT8,NPU_INT8,14,20,512,5,5,256,1,1,0,71393,14.687378
NPU_INT8,NPU_INT8,NPU_INT8,26,32,128,5,5,128,1,1,0,21532,23.43615
NPU_INT8,NPU_INT8,NPU_INT8,26,32,256,5,5,128,1,1,0,91641,11.013131
NPU_INT8,NPU_INT8,NPU_INT8,26,32,512,5,5,128,1,1,0,139814,14.4371
NPU_INT8,NPU_INT8,NPU_INT8,26,32,512,5,5,256,1,1,0,279522,14.442575
NPU_INT8,NPU_INT8,NPU_INT8,28,32,128,5,5,256,1,1,0,46224,23.818897
NPU_INT8,NPU_INT8,NPU_INT8,28,32,256,5,5,256,1,1,0,193671,11.369846
NPU_INT8,NPU_INT8,NPU_INT8,36,42,64,5,5,8,1,1,0,1474,21.119133
NPU_INT8,NPU_INT8,NPU_INT8,36,42,256,5,5,16,1,1,0,24517,10.15772
NPU_INT8,NPU_INT8,NPU_INT8,36,42,256,5,5,8,1,1,0,9273,13.428061
NPU_INT8,NPU_INT8,NPU_INT8,42,46,512,5,5,64,1,1,0,182127,14.357489
NPU_INT8,NPU_INT8,NPU_INT8,46,52,512,5,5,8,1,1,0,32069,12.87464
NPU_INT8,NPU_INT8,NPU_INT8,56,64,16,5,5,256,1,1,0,25652,24.909401
NPU_INT8,NPU_INT8,NPU_INT8,56,64,512,5,5,16,1,1,0,84415,15.138922
NPU_INT8,NPU_INT8,NPU_INT8,56,64,32,5,5,256,1,1,0,51054,25.03138
NPU_INT8,NPU_INT8,NPU_INT8,64,66,64,5,5,256,1,1,0,123833,24.609142
NPU_INT8,NPU_INT8,NPU_INT8,64,66,256,5,5,64,1,1,0,258379,11.794395
NPU_INT8,NPU_INT8,NPU_INT8,68,76,128,5,5,32,1,1,0,39201,24.073833
NPU_INT8,NPU_INT8,NPU_INT8,68,76,256,5,5,32,1,1,0,171194,11.025134
NPU_INT8,NPU_INT8,NPU_INT8,68,76,512,5,5,32,1,1,0,232863,16.210705
NPU_INT8,NPU_INT8,NPU_INT8,68,76,8,5,5,64,1,1,0,4906,24.045006
NPU_INT8,NPU_INT8,NPU_INT8,78,82,64,5,5,64,1,1,0,47943,24.656479
NPU_INT8,NPU_INT8,NPU_INT8,78,82,128,5,5,64,1,1,0,100264,23.579861
NPU_INT8,NPU_INT8,NPU_INT8,78,82,8,5,5,256,1,1,0,23994,24.633358
NPU_INT8,NPU_INT8,NPU_INT8,78,82,8,5,5,8,1,1,0,1085,17.023409
NPU_INT8,NPU_INT8,NPU_INT8,78,82,32,5,5,128,1,1,0,48060,24.596451
NPU_INT8,NPU_INT8,NPU_INT8,84,90,64,5,5,128,1,1,0,112534,25.041748
NPU_INT8,NPU_INT8,NPU_INT8,84,90,64,5,5,32,1,1,0,28290,24.903217
NPU_INT8,NPU_INT8,NPU_INT8,84,90,128,5,5,8,1,1,0,14571,24.175144
NPU_INT8,NPU_INT8,NPU_INT8,84,90,32,5,5,32,1,1,0,14203,24.801521
NPU_INT8,NPU_INT8,NPU_INT8,84,90,8,5,5,128,1,1,0,17518,20.108231
NPU_INT8,NPU_INT8,NPU_INT8,92,98,16,5,5,128,1,1,0,34408,24.617901
NPU_INT8,NPU_INT8,NPU_INT8,92,98,128,5,5,16,1,1,0,36805,23.01461
NPU_INT8,NPU_INT8,NPU_INT8,92,98,64,5,5,16,1,1,0,17268,24.526661
NPU_INT8,NPU_INT8,NPU_INT8,92,98,8,5,5,32,1,1,0,4535,23.347651
NPU_INT8,NPU_INT8,NPU_INT8,106,102,16,5,5,32,1,1,0,10664,23.996399
NPU_INT8,NPU_INT8,NPU_INT8,106,108,16,5,5,8,1,1,0,3007,22.577721
NPU_INT8,NPU_INT8,NPU_INT8,114,108,32,5,5,8,1,1,0,6137,23.860519
NPU_INT8,NPU_INT8,NPU_INT8,114,112,32,5,5,16,1,1,0,12457,24.414227
NPU_INT8,NPU_INT8,NPU_INT8,122,116,8,5,5,16,1,1,0,3643,23.217789
NPU_INT8,NPU_INT8,NPU_INT8,122,120,16,5,5,16,1,1,0,7353,23.827881
NPU_INT8,NPU_INT8,NPU_INT8,128,128,16,5,5,64,1,1,0,31533,24.96595
NPU_INT8,NPU_INT8,NPU_INT8,112,104,32,5,5,64,1,1,0,44627,24.78141
NPU_INT8,NPU_INT8,NPU_INT8,112,112,8,5,5,8,1,1,0,1972,18.927383
NPU_INT8,NPU_INT8,NPU_INT8,224,224,8,5,5,8,1,1,0,7223,21.442616
NPU_INT8,NPU_INT8,NPU_INT8,2,2,8,1,1,8,2,2,0,33,0.003879
NPU_INT8,NPU_INT8,NPU_INT8,2,4,64,1,1,8,2,2,0,43,0.047628
NPU_INT8,NPU_INT8,NPU_INT8,6,8,256,1,1,8,2,2,0,125,0.393216
NPU_INT8,NPU_INT8,NPU_INT8,8,8,16,1,1,16,2,2,0,41,0.199805
NPU_INT8,NPU_INT8,NPU_INT8,2,4,128,1,1,16,2,2,0,59,0.138847
NPU_INT8,NPU_INT8,NPU_INT8,4,6,512,1,1,16,2,2,0,188,0.522894
NPU_INT8,NPU_INT8,NPU_INT8,6,8,32,1,1,32,2,2,0,47,0.522894
NPU_INT8,NPU_INT8,NPU_INT8,2,2,128,1,1,32,2,2,0,67,0.122269
NPU_INT8,NPU_INT8,NPU_INT8,2,4,512,1,1,32,2,2,0,172,0.381023
NPU_INT8,NPU_INT8,NPU_INT8,4,6,8,1,1,64,2,2,0,40,0.1536
NPU_INT8,NPU_INT8,NPU_INT8,6,8,64,1,1,64,2,2,0,72,1.365333
NPU_INT8,NPU_INT8,NPU_INT8,8,8,256,1,1,64,2,2,0,210,2.496609
NPU_INT8,NPU_INT8,NPU_INT8,2,4,8,1,1,128,2,2,0,45,0.091022
NPU_INT8,NPU_INT8,NPU_INT8,6,8,64,1,1,128,2,2,0,93,2.114064
NPU_INT8,NPU_INT8,NPU_INT8,8,8,512,1,1,128,2,2,0,911,2.302033
NPU_INT8,NPU_INT8,NPU_INT8,2,2,16,1,1,256,2,2,0,63,0.130032
NPU_INT8,NPU_INT8,NPU_INT8,4,4,64,1,1,256,2,2,0,111,1.180829
NPU_INT8,NPU_INT8,NPU_INT8,6,6,128,1,1,256,2,2,0,216,2.730667
NPU_INT8,NPU_INT8,NPU_INT8,8,8,256,1,1,256,2,2,0,494,4.245247
NPU_INT8,NPU_INT8,NPU_INT8,10,16,8,1,1,8,2,2,0,41,0.124878
NPU_INT8,NPU_INT8,NPU_INT8,10,16,16,1,1,8,2,2,0,43,0.23814
NPU_INT8,NPU_INT8,NPU_INT8,10,16,32,1,1,8,2,2,0,55,0.372364
NPU_INT8,NPU_INT8,NPU_INT8,16,20,64,1,1,8,2,2,0,113,0.724956
NPU_INT8,NPU_INT8,NPU_INT8,16,20,128,1,1,8,2,2,0,194,0.844536
NPU_INT8,NPU_INT8,NPU_INT8,16,20,256,1,1,8,2,2,0,472,0.694237
NPU_INT8,NPU_INT8,NPU_INT8,16,20,512,1,1,8,2,2,0,1017,0.644405
NPU_INT8,NPU_INT8,NPU_INT8,16,20,8,1,1,16,2,2,0,47,0.435745
NPU_INT8,NPU_INT8,NPU_INT8,16,20,16,1,1,16,2,2,0,56,0.731429
NPU_INT8,NPU_INT8,NPU_INT8,16,20,32,1,1,16,2,2,0,77,1.063896
NPU_INT8,NPU_INT8,NPU_INT8,16,20,64,1,1,16,2,2,0,120,1.365333
NPU_INT8,NPU_INT8,NPU_INT8,18,22,128,1,1,16,2,2,0,240,1.6896
NPU_INT8,NPU_INT8,NPU_INT8,18,22,256,1,1,16,2,2,0,682,1.189161
NPU_INT8,NPU_INT8,NPU_INT8,20,24,512,1,1,16,2,2,0,1996,0.98501
NPU_INT8,NPU_INT8,NPU_INT8,20,24,8,1,1,32,2,2,0,59,1.041356
NPU_INT8,NPU_INT8,NPU_INT8,20,24,16,1,1,32,2,2,0,75,1.6384
NPU_INT8,NPU_INT8,NPU_INT8,20,24,32,1,1,32,2,2,0,108,2.275556
NPU_INT8,NPU_INT8,NPU_INT8,20,24,64,1,1,32,2,2,0,173,2.841156
NPU_INT8,NPU_INT8,NPU_INT8,20,24,128,1,1,32,2,2,0,369,2.664065
NPU_INT8,NPU_INT8,NPU_INT8,10,16,256,1,1,32,2,2,0,258,2.540155
NPU_INT8,NPU_INT8,NPU_INT8,10,16,512,1,1,32,2,2,0,668,1.962156
NPU_INT8,NPU_INT8,NPU_INT8,10,16,8,1,1,64,2,2,0,51,0.803137
NPU_INT8,NPU_INT8,NPU_INT8,16,20,16,1,1,64,2,2,0,77,2.127792
NPU_INT8,NPU_INT8,NPU_INT8,16,20,32,1,1,64,2,2,0,104,3.150769
NPU_INT8,NPU_INT8,NPU_INT8,16,20,64,1,1,64,2,2,0,160,4.096
NPU_INT8,NPU_INT8,NPU_INT8,16,20,128,1,1,64,2,2,0,274,4.783649
NPU_INT8,NPU_INT8,NPU_INT8,16,20,256,1,1,64,2,2,0,621,4.22132
NPU_INT8,NPU_INT8,NPU_INT8,16,20,512,1,1,64,2,2,0,2102,2.494234
NPU_INT8,NPU_INT8,NPU_INT8,16,20,8,1,1,128,2,2,0,88,1.861818
NPU_INT8,NPU_INT8,NPU_INT8,18,22,16,1,1,128,2,2,0,118,3.436475
NPU_INT8,NPU_INT8,NPU_INT8,18,22,32,1,1,128,2,2,0,161,5.037317
NPU_INT8,NPU_INT8,NPU_INT8,20,24,64,1,1,128,2,2,0,285,6.898527
NPU_INT8,NPU_INT8,NPU_INT8,20,24,128,1,1,128,2,2,0,538,7.308848
NPU_INT8,NPU_INT8,NPU_INT8,20,24,256,1,1,128,2,2,0,1501,5.239388
NPU_INT8,NPU_INT8,NPU_INT8,20,24,512,1,1,128,2,2,0,6128,2.566684
NPU_INT8,NPU_INT8,NPU_INT8,20,24,8,1,1,256,2,2,0,173,2.841156
NPU_INT8,NPU_INT8,NPU_INT8,20,24,16,1,1,256,2,2,0,208,4.726154
NPU_INT8,NPU_INT8,NPU_INT8,20,24,32,1,1,256,2,2,0,280,7.021715
NPU_INT8,NPU_INT8,NPU_INT8,10,14,64,1,1,256,2,2,0,192,5.973332
NPU_INT8,NPU_INT8,NPU_INT8,10,14,128,1,1,256,2,2,0,342,6.7069
NPU_INT8,NPU_INT8,NPU_INT8,10,14,256,1,1,256,2,2,0,958,4.788643
NPU_INT8,NPU_INT8,NPU_INT8,14,20,512,1,1,256,2,2,0,36601,0.501355
NPU_INT8,NPU_INT8,NPU_INT8,26,32,128,1,1,128,2,2,0,3735,1.824831
NPU_INT8,NPU_INT8,NPU_INT8,26,32,256,1,1,128,2,2,0,4257,3.202135
NPU_INT8,NPU_INT8,NPU_INT8,26,32,512,1,1,128,2,2,0,17117,1.592743
NPU_INT8,NPU_INT8,NPU_INT8,26,32,512,1,1,256,2,2,0,31478,1.732193
NPU_INT8,NPU_INT8,NPU_INT8,28,32,128,1,1,256,2,2,0,1484,9.892227
NPU_INT8,NPU_INT8,NPU_INT8,28,32,256,1,1,256,2,2,0,32095,0.914788
NPU_INT8,NPU_INT8,NPU_INT8,36,42,64,1,1,8,2,2,0,470,0.823557
NPU_INT8,NPU_INT8,NPU_INT8,36,42,256,1,1,16,2,2,0,4928,0.628364
NPU_INT8,NPU_INT8,NPU_INT8,36,42,256,1,1,8,2,2,0,2483,0.623555
NPU_INT8,NPU_INT8,NPU_INT8,42,46,512,1,1,64,2,2,0,51120,0.619208
NPU_INT8,NPU_INT8,NPU_INT8,46,52,512,1,1,8,2,2,0,10024,0.488709
NPU_INT8,NPU_INT8,NPU_INT8,56,64,16,1,1,256,2,2,0,1341,5.473551
NPU_INT8,NPU_INT8,NPU_INT8,56,64,512,1,1,16,2,2,0,21354,0.687462
NPU_INT8,NPU_INT8,NPU_INT8,56,64,32,1,1,256,2,2,0,2138,6.86626
NPU_INT8,NPU_INT8,NPU_INT8,64,66,64,1,1,256,2,2,0,4625,7.481731
NPU_INT8,NPU_INT8,NPU_INT8,64,66,256,1,1,64,2,2,0,6231,5.553364
NPU_INT8,NPU_INT8,NPU_INT8,68,76,128,1,1,32,2,2,0,3295,3.212159
NPU_INT8,NPU_INT8,NPU_INT8,68,76,256,1,1,32,2,2,0,8694,2.434798
NPU_INT8,NPU_INT8,NPU_INT8,68,76,512,1,1,32,2,2,0,19345,2.188486
NPU_INT8,NPU_INT8,NPU_INT8,68,76,8,1,1,64,2,2,0,681,1.942743
NPU_INT8,NPU_INT8,NPU_INT8,78,82,64,1,1,64,2,2,0,4025,3.254412
NPU_INT8,NPU_INT8,NPU_INT8,78,82,128,1,1,64,2,2,0,7648,3.425473
NPU_INT8,NPU_INT8,NPU_INT8,78,82,8,1,1,256,2,2,0,2702,2.423947
NPU_INT8,NPU_INT8,NPU_INT8,78,82,8,1,1,8,2,2,0,432,0.473778
NPU_INT8,NPU_INT8,NPU_INT8,78,82,32,1,1,128,2,2,0,1987,6.592354
NPU_INT8,NPU_INT8,NPU_INT8,84,90,64,1,1,128,2,2,0,3412,9.075545
NPU_INT8,NPU_INT8,NPU_INT8,84,90,64,1,1,32,2,2,0,2448,3.162353
NPU_INT8,NPU_INT8,NPU_INT8,84,90,128,1,1,8,2,2,0,4073,0.950336
NPU_INT8,NPU_INT8,NPU_INT8,84,90,32,1,1,32,2,2,0,1292,2.995914
NPU_INT8,NPU_INT8,NPU_INT8,84,90,8,1,1,128,2,2,0,1404,2.756923
NPU_INT8,NPU_INT8,NPU_INT8,92,98,16,1,1,128,2,2,0,2204,4.188922
NPU_INT8,NPU_INT8,NPU_INT8,92,98,128,1,1,16,2,2,0,6466,1.427835
NPU_INT8,NPU_INT8,NPU_INT8,92,98,64,1,1,16,2,2,0,2588,1.783691
NPU_INT8,NPU_INT8,NPU_INT8,92,98,8,1,1,32,2,2,0,882,1.308444
NPU_INT8,NPU_INT8,NPU_INT8,106,102,16,1,1,32,2,2,0,1299,2.130771
NPU_INT8,NPU_INT8,NPU_INT8,106,108,16,1,1,8,2,2,0,1028,0.712716
NPU_INT8,NPU_INT8,NPU_INT8,114,108,32,1,1,8,2,2,0,1796,0.87747
NPU_INT8,NPU_INT8,NPU_INT8,114,112,32,1,1,16,2,2,0,1800,1.815893
NPU_INT8,NPU_INT8,NPU_INT8,122,116,8,1,1,16,2,2,0,895,1.011987
NPU_INT8,NPU_INT8,NPU_INT8,122,120,16,1,1,16,2,2,0,1222,1.533486
NPU_INT8,NPU_INT8,NPU_INT8,128,128,16,1,1,64,2,2,0,1972,4.253858
NPU_INT8,NPU_INT8,NPU_INT8,112,104,32,1,1,64,2,2,0,2211,5.394642
NPU_INT8,NPU_INT8,NPU_INT8,112,112,8,1,1,8,2,2,0,611,0.656969
NPU_INT8,NPU_INT8,NPU_INT8,224,224,8,1,1,8,2,2,0,2360,0.680353
NPU_INT8,NPU_INT8,NPU_INT8,6,8,256,3,3,8,2,2,0,181,1.222011
NPU_INT8,NPU_INT8,NPU_INT8,8,8,16,3,3,16,2,2,0,47,0.882383
NPU_INT8,NPU_INT8,NPU_INT8,4,6,512,3,3,16,2,2,0,529,0.55749
NPU_INT8,NPU_INT8,NPU_INT8,6,8,32,3,3,32,2,2,0,77,1.43626
NPU_INT8,NPU_INT8,NPU_INT8,4,6,8,3,3,64,2,2,0,47,0.39217
NPU_INT8,NPU_INT8,NPU_INT8,6,8,64,3,3,64,2,2,0,190,2.328253
NPU_INT8,NPU_INT8,NPU_INT8,8,8,256,3,3,64,2,2,0,965,2.750474
NPU_INT8,NPU_INT8,NPU_INT8,6,8,64,3,3,128,2,2,0,323,2.739121
NPU_INT8,NPU_INT8,NPU_INT8,8,8,512,3,3,128,2,2,0,8771,1.210447
NPU_INT8,NPU_INT8,NPU_INT8,4,4,64,3,3,256,2,2,0,569,0.518299
NPU_INT8,NPU_INT8,NPU_INT8,6,6,128,3,3,256,2,2,0,1311,1.799615
NPU_INT8,NPU_INT8,NPU_INT8,8,8,256,3,3,256,2,2,0,3721,2.85322
NPU_INT8,NPU_INT8,NPU_INT8,10,16,8,3,3,8,2,2,0,41,0.786732
NPU_INT8,NPU_INT8,NPU_INT8,10,16,16,3,3,8,2,2,0,49,1.316571
NPU_INT8,NPU_INT8,NPU_INT8,10,16,32,3,3,8,2,2,0,65,1.984985
NPU_INT8,NPU_INT8,NPU_INT8,16,20,64,3,3,8,2,2,0,147,3.949715
NPU_INT8,NPU_INT8,NPU_INT8,16,20,128,3,3,8,2,2,0,259,4.483459
NPU_INT8,NPU_INT8,NPU_INT8,16,20,256,3,3,8,2,2,0,752,3.088341
NPU_INT8,NPU_INT8,NPU_INT8,16,20,512,3,3,8,2,2,0,8461,0.548973
NPU_INT8,NPU_INT8,NPU_INT8,16,20,8,3,3,16,2,2,0,53,2.738717
NPU_INT8,NPU_INT8,NPU_INT8,16,20,16,3,3,16,2,2,0,70,4.1472
NPU_INT8,NPU_INT8,NPU_INT8,16,20,32,3,3,16,2,2,0,108,5.376
NPU_INT8,NPU_INT8,NPU_INT8,16,20,64,3,3,16,2,2,0,184,6.310957
NPU_INT8,NPU_INT8,NPU_INT8,18,22,128,3,3,16,2,2,0,468,6.301538
NPU_INT8,NPU_INT8,NPU_INT8,18,22,256,3,3,16,2,2,0,1448,4.07337
NPU_INT8,NPU_INT8,NPU_INT8,20,24,512,3,3,16,2,2,0,26000,0.561467
NPU_INT8,NPU_INT8,NPU_INT8,20,24,8,3,3,32,2,2,0,79,5.774582
NPU_INT8,NPU_INT8,NPU_INT8,20,24,16,3,3,32,2,2,0,117,7.798154
NPU_INT8,NPU_INT8,NPU_INT8,20,24,32,3,3,32,2,2,0,192,9.504001
NPU_INT8,NPU_INT8,NPU_INT8,20,24,64,3,3,32,2,2,0,346,10.547792
NPU_INT8,NPU_INT8,NPU_INT8,20,24,128,3,3,32,2,2,0,976,7.478558
NPU_INT8,NPU_INT8,NPU_INT8,10,16,256,3,3,32,2,2,0,1027,4.020222
NPU_INT8,NPU_INT8,NPU_INT8,10,16,512,3,3,32,2,2,0,9323,0.885717
NPU_INT8,NPU_INT8,NPU_INT8,10,16,8,3,3,64,2,2,0,68,3.794824
NPU_INT8,NPU_INT8,NPU_INT8,16,20,16,3,3,64,2,2,0,137,8.476029
NPU_INT8,NPU_INT8,NPU_INT8,16,20,32,3,3,64,2,2,0,230,10.09753
NPU_INT8,NPU_INT8,NPU_INT8,16,20,64,3,3,64,2,2,0,385,12.064583
NPU_INT8,NPU_INT8,NPU_INT8,16,20,128,3,3,64,2,2,0,1618,5.741488
NPU_INT8,NPU_INT8,NPU_INT8,16,20,256,3,3,64,2,2,0,5201,3.572286
NPU_INT8,NPU_INT8,NPU_INT8,16,20,512,3,3,64,2,2,0,66577,0.558134
NPU_INT8,NPU_INT8,NPU_INT8,16,20,8,3,3,128,2,2,0,141,8.235575
NPU_INT8,NPU_INT8,NPU_INT8,18,22,16,3,3,128,2,2,0,257,11.475176
NPU_INT8,NPU_INT8,NPU_INT8,18,22,32,3,3,128,2,2,0,422,13.976873
NPU_INT8,NPU_INT8,NPU_INT8,20,24,64,3,3,128,2,2,0,888,16.439352
NPU_INT8,NPU_INT8,NPU_INT8,20,24,128,3,3,128,2,2,0,3730,7.827423
NPU_INT8,NPU_INT8,NPU_INT8,20,24,256,3,3,128,2,2,0,18666,3.128286
NPU_INT8,NPU_INT8,NPU_INT8,20,24,512,3,3,128,2,2,0,207768,0.562094
NPU_INT8,NPU_INT8,NPU_INT8,20,24,8,3,3,256,2,2,0,320,11.4048
NPU_INT8,NPU_INT8,NPU_INT8,20,24,16,3,3,256,2,2,0,457,15.971712
NPU_INT8,NPU_INT8,NPU_INT8,20,24,32,3,3,256,2,2,0,779,18.739595
NPU_INT8,NPU_INT8,NPU_INT8,10,14,64,3,3,256,2,2,0,737,9.603647
NPU_INT8,NPU_INT8,NPU_INT8,10,14,128,3,3,256,2,2,0,1761,8.038486
NPU_INT8,NPU_INT8,NPU_INT8,10,14,256,3,3,256,2,2,0,7437,3.806851
NPU_INT8,NPU_INT8,NPU_INT8,14,20,512,3,3,256,2,2,0,228551,0.557433
NPU_INT8,NPU_INT8,NPU_INT8,26,32,128,3,3,128,2,2,0,6009,8.834108
NPU_INT8,NPU_INT8,NPU_INT8,26,32,256,3,3,128,2,2,0,29334,3.619292
NPU_INT8,NPU_INT8,NPU_INT8,26,32,512,3,3,128,2,2,0,142637,1.48865
NPU_INT8,NPU_INT8,NPU_INT8,26,32,512,3,3,256,2,2,0,285234,1.488859
NPU_INT8,NPU_INT8,NPU_INT8,28,32,128,3,3,256,2,2,0,14348,8.016148
NPU_INT8,NPU_INT8,NPU_INT8,28,32,256,3,3,256,2,2,0,71237,3.2291
NPU_INT8,NPU_INT8,NPU_INT8,36,42,64,3,3,8,2,2,0,500,6.26688
NPU_INT8,NPU_INT8,NPU_INT8,36,42,256,3,3,16,2,2,0,6432,3.897314
NPU_INT8,NPU_INT8,NPU_INT8,36,42,256,3,3,8,2,2,0,3290,3.809653
NPU_INT8,NPU_INT8,NPU_INT8,42,46,512,3,3,64,2,2,0,151112,1.717419
NPU_INT8,NPU_INT8,NPU_INT8,46,52,512,3,3,8,2,2,0,43627,0.929479
NPU_INT8,NPU_INT8,NPU_INT8,56,64,16,3,3,256,2,2,0,3076,20.061878
NPU_INT8,NPU_INT8,NPU_INT8,56,64,512,3,3,16,2,2,0,118628,1.040401
NPU_INT8,NPU_INT8,NPU_INT8,56,64,32,3,3,256,2,2,0,6222,19.836174
NPU_INT8,NPU_INT8,NPU_INT8,64,66,64,3,3,256,2,2,0,16525,17.703642
NPU_INT8,NPU_INT8,NPU_INT8,64,66,256,3,3,64,2,2,0,63753,4.588846
NPU_INT8,NPU_INT8,NPU_INT8,68,76,128,3,3,32,2,2,0,14357,6.270244
NPU_INT8,NPU_INT8,NPU_INT8,68,76,256,3,3,32,2,2,0,66375,2.712524
NPU_INT8,NPU_INT8,NPU_INT8,68,76,512,3,3,32,2,2,0,635859,0.566301
NPU_INT8,NPU_INT8,NPU_INT8,68,76,8,3,3,64,2,2,0,804,13.995941
NPU_INT8,NPU_INT8,NPU_INT8,78,82,64,3,3,64,2,2,0,5312,21.096869
NPU_INT8,NPU_INT8,NPU_INT8,78,82,128,3,3,64,2,2,0,21615,10.369332
NPU_INT8,NPU_INT8,NPU_INT8,78,82,8,3,3,256,2,2,0,3098,18.086922
NPU_INT8,NPU_INT8,NPU_INT8,78,82,8,3,3,8,2,2,0,358,4.891173
NPU_INT8,NPU_INT8,NPU_INT8,78,82,32,3,3,128,2,2,0,5115,21.909397
NPU_INT8,NPU_INT8,NPU_INT8,84,90,64,3,3,128,2,2,0,11320,23.499172
NPU_INT8,NPU_INT8,NPU_INT8,84,90,64,3,3,32,2,2,0,2964,22.436794
NPU_INT8,NPU_INT8,NPU_INT8,84,90,128,3,3,8,2,2,0,6271,5.302397
NPU_INT8,NPU_INT8,NPU_INT8,84,90,32,3,3,32,2,2,0,1584,20.992001
NPU_INT8,NPU_INT8,NPU_INT8,84,90,8,3,3,128,2,2,0,1622,20.500202
NPU_INT8,NPU_INT8,NPU_INT8,92,98,16,3,3,128,2,2,0,3423,23.262119
NPU_INT8,NPU_INT8,NPU_INT8,92,98,128,3,3,16,2,2,0,13063,6.095555
NPU_INT8,NPU_INT8,NPU_INT8,92,98,64,3,3,16,2,2,0,2776,14.341902
NPU_INT8,NPU_INT8,NPU_INT8,92,98,8,3,3,32,2,2,0,822,12.108612
NPU_INT8,NPU_INT8,NPU_INT8,106,102,16,3,3,32,2,2,0,1378,17.38868
NPU_INT8,NPU_INT8,NPU_INT8,106,108,16,3,3,8,2,2,0,1050,6.047451
NPU_INT8,NPU_INT8,NPU_INT8,114,108,32,3,3,8,2,2,0,1901,7.194395
NPU_INT8,NPU_INT8,NPU_INT8,114,112,32,3,3,16,2,2,0,2100,13.516801
NPU_INT8,NPU_INT8,NPU_INT8,122,116,8,3,3,16,2,2,0,887,8.883517
NPU_INT8,NPU_INT8,NPU_INT8,122,120,16,3,3,16,2,2,0,1354,12.047503
NPU_INT8,NPU_INT8,NPU_INT8,128,128,16,3,3,64,2,2,0,3413,21.434692
NPU_INT8,NPU_INT8,NPU_INT8,112,104,32,3,3,64,2,2,0,4612,22.420536
NPU_INT8,NPU_INT8,NPU_INT8,112,112,8,3,3,8,2,2,0,776,4.490721
NPU_INT8,NPU_INT8,NPU_INT8,224,224,8,3,3,8,2,2,0,2764,5.135236
NPU_INT8,NPU_INT8,NPU_INT8,2,2,8,5,5,8,2,2,0,38,0.084211
NPU_INT8,NPU_INT8,NPU_INT8,6,8,256,5,5,8,2,2,0,287,0.713589
NPU_INT8,NPU_INT8,NPU_INT8,8,8,16,5,5,16,2,2,0,59,0.867797
NPU_INT8,NPU_INT8,NPU_INT8,6,8,32,5,5,32,2,2,0,127,0.806299
NPU_INT8,NPU_INT8,NPU_INT8,2,2,128,5,5,32,2,2,0,411,0.498297
NPU_INT8,NPU_INT8,NPU_INT8,6,8,64,5,5,64,2,2,0,409,1.001467
NPU_INT8,NPU_INT8,NPU_INT8,8,8,256,5,5,64,2,2,0,2390,1.371046
NPU_INT8,NPU_INT8,NPU_INT8,6,8,64,5,5,128,2,2,0,791,1.035651
NPU_INT8,NPU_INT8,NPU_INT8,8,8,512,5,5,128,2,2,0,9089,1.442095
NPU_INT8,NPU_INT8,NPU_INT8,2,2,16,5,5,256,2,2,0,377,0.543236
NPU_INT8,NPU_INT8,NPU_INT8,6,6,128,5,5,256,2,2,0,4220,0.388246
NPU_INT8,NPU_INT8,NPU_INT8,8,8,256,5,5,256,2,2,0,9502,1.379415
NPU_INT8,NPU_INT8,NPU_INT8,10,16,8,5,5,8,2,2,0,45,1.28
NPU_INT8,NPU_INT8,NPU_INT8,10,16,16,5,5,8,2,2,0,57,2.021053
NPU_INT8,NPU_INT8,NPU_INT8,10,16,32,5,5,8,2,2,0,82,2.809756
NPU_INT8,NPU_INT8,NPU_INT8,16,20,64,5,5,8,2,2,0,196,6.269388
NPU_INT8,NPU_INT8,NPU_INT8,16,20,128,5,5,8,2,2,0,472,5.206779
NPU_INT8,NPU_INT8,NPU_INT8,16,20,256,5,5,8,2,2,0,855,5.748773
NPU_INT8,NPU_INT8,NPU_INT8,16,20,512,5,5,8,2,2,0,1279,7.686005
NPU_INT8,NPU_INT8,NPU_INT8,16,20,8,5,5,16,2,2,0,67,4.585075
NPU_INT8,NPU_INT8,NPU_INT8,16,20,16,5,5,16,2,2,0,97,6.334021
NPU_INT8,NPU_INT8,NPU_INT8,16,20,32,5,5,16,2,2,0,161,7.632298
NPU_INT8,NPU_INT8,NPU_INT8,16,20,64,5,5,16,2,2,0,287,8.563066
NPU_INT8,NPU_INT8,NPU_INT8,18,22,128,5,5,16,2,2,0,971,6.643872
NPU_INT8,NPU_INT8,NPU_INT8,18,22,256,5,5,16,2,2,0,2944,4.382609
NPU_INT8,NPU_INT8,NPU_INT8,20,24,512,5,5,16,2,2,0,3567,9.186432
NPU_INT8,NPU_INT8,NPU_INT8,20,24,8,5,5,32,2,2,0,114,8.982456
NPU_INT8,NPU_INT8,NPU_INT8,20,24,16,5,5,32,2,2,0,186,11.010754
NPU_INT8,NPU_INT8,NPU_INT8,20,24,32,5,5,32,2,2,0,332,12.337349
NPU_INT8,NPU_INT8,NPU_INT8,20,24,64,5,5,32,2,2,0,735,11.145578
NPU_INT8,NPU_INT8,NPU_INT8,20,24,128,5,5,32,2,2,0,2053,7.980516
NPU_INT8,NPU_INT8,NPU_INT8,10,16,256,5,5,32,2,2,0,1705,4.324223
NPU_INT8,NPU_INT8,NPU_INT8,10,16,512,5,5,32,2,2,0,3100,4.756645
NPU_INT8,NPU_INT8,NPU_INT8,10,16,8,5,5,64,2,2,0,101,4.562376
NPU_INT8,NPU_INT8,NPU_INT8,16,20,16,5,5,64,2,2,0,237,10.369621
NPU_INT8,NPU_INT8,NPU_INT8,16,20,32,5,5,64,2,2,0,392,12.538776
NPU_INT8,NPU_INT8,NPU_INT8,16,20,64,5,5,64,2,2,0,791,12.427813
NPU_INT8,NPU_INT8,NPU_INT8,16,20,128,5,5,64,2,2,0,2679,7.338858
NPU_INT8,NPU_INT8,NPU_INT8,16,20,256,5,5,64,2,2,0,7947,4.947981
NPU_INT8,NPU_INT8,NPU_INT8,16,20,512,5,5,64,2,2,0,9573,8.215105
NPU_INT8,NPU_INT8,NPU_INT8,16,20,8,5,5,128,2,2,0,239,10.282846
NPU_INT8,NPU_INT8,NPU_INT8,18,22,16,5,5,128,2,2,0,444,14.52973
NPU_INT8,NPU_INT8,NPU_INT8,18,22,32,5,5,128,2,2,0,728,17.723078
NPU_INT8,NPU_INT8,NPU_INT8,20,24,64,5,5,128,2,2,0,2648,12.374622
NPU_INT8,NPU_INT8,NPU_INT8,20,24,128,5,5,128,2,2,0,8030,8.161394
NPU_INT8,NPU_INT8,NPU_INT8,20,24,256,5,5,128,2,2,0,28361,4.621558
NPU_INT8,NPU_INT8,NPU_INT8,20,24,512,5,5,128,2,2,0,30096,8.71026
NPU_INT8,NPU_INT8,NPU_INT8,20,24,8,5,5,256,2,2,0,506,16.189724
NPU_INT8,NPU_INT8,NPU_INT8,20,24,16,5,5,256,2,2,0,849,19.297997
NPU_INT8,NPU_INT8,NPU_INT8,20,24,32,5,5,256,2,2,0,1524,21.501312
NPU_INT8,NPU_INT8,NPU_INT8,10,14,64,5,5,256,2,2,0,1892,6.494715
NPU_INT8,NPU_INT8,NPU_INT8,10,14,128,5,5,256,2,2,0,5555,4.424122
NPU_INT8,NPU_INT8,NPU_INT8,10,14,256,5,5,256,2,2,0,12729,3.861419
NPU_INT8,NPU_INT8,NPU_INT8,14,20,512,5,5,256,2,2,0,34537,7.590237
NPU_INT8,NPU_INT8,NPU_INT8,26,32,128,5,5,128,2,2,0,21832,5.778527
NPU_INT8,NPU_INT8,NPU_INT8,26,32,256,5,5,128,2,2,0,87980,2.867852
NPU_INT8,NPU_INT8,NPU_INT8,26,32,512,5,5,128,2,2,0,53362,9.456676
NPU_INT8,NPU_INT8,NPU_INT8,26,32,512,5,5,256,2,2,0,106627,9.46528
NPU_INT8,NPU_INT8,NPU_INT8,28,32,128,5,5,256,2,2,0,38077,7.228805
NPU_INT8,NPU_INT8,NPU_INT8,28,32,256,5,5,256,2,2,0,141835,3.881287
NPU_INT8,NPU_INT8,NPU_INT8,36,42,64,5,5,8,2,2,0,700,11.117715
NPU_INT8,NPU_INT8,NPU_INT8,36,42,256,5,5,16,2,2,0,11364,5.478634
NPU_INT8,NPU_INT8,NPU_INT8,36,42,256,5,5,8,2,2,0,4277,7.278373
NPU_INT8,NPU_INT8,NPU_INT8,42,46,512,5,5,64,2,2,0,82920,7.883763
NPU_INT8,NPU_INT8,NPU_INT8,46,52,512,5,5,8,2,2,0,12810,8.057705
NPU_INT8,NPU_INT8,NPU_INT8,56,64,16,5,5,256,2,2,0,6584,24.262455
NPU_INT8,NPU_INT8,NPU_INT8,56,64,512,5,5,16,2,2,0,36658,8.715369
NPU_INT8,NPU_INT8,NPU_INT8,56,64,32,5,5,256,2,2,0,13068,24.448116
NPU_INT8,NPU_INT8,NPU_INT8,64,66,64,5,5,256,2,2,0,51708,14.733812
NPU_INT8,NPU_INT8,NPU_INT8,64,66,256,5,5,64,2,2,0,170637,4.464776
NPU_INT8,NPU_INT8,NPU_INT8,68,76,128,5,5,32,2,2,0,21615,10.915087
NPU_INT8,NPU_INT8,NPU_INT8,68,76,256,5,5,32,2,2,0,83052,5.681491
NPU_INT8,NPU_INT8,NPU_INT8,68,76,512,5,5,32,2,2,0,105394,8.954194
NPU_INT8,NPU_INT8,NPU_INT8,68,76,8,5,5,64,2,2,0,1337,22.057741
NPU_INT8,NPU_INT8,NPU_INT8,78,82,64,5,5,64,2,2,0,20385,14.497248
NPU_INT8,NPU_INT8,NPU_INT8,78,82,128,5,5,64,2,2,0,86851,6.805365
NPU_INT8,NPU_INT8,NPU_INT8,78,82,8,5,5,256,2,2,0,6399,23.091606
NPU_INT8,NPU_INT8,NPU_INT8,78,82,8,5,5,8,2,2,0,484,9.540495
NPU_INT8,NPU_INT8,NPU_INT8,78,82,32,5,5,128,2,2,0,13136,22.49744
NPU_INT8,NPU_INT8,NPU_INT8,84,90,64,5,5,128,2,2,0,43422,16.224771
NPU_INT8,NPU_INT8,NPU_INT8,84,90,64,5,5,32,2,2,0,10893,16.168917
NPU_INT8,NPU_INT8,NPU_INT8,84,90,128,5,5,8,2,2,0,8666,10.162012
NPU_INT8,NPU_INT8,NPU_INT8,84,90,32,5,5,32,2,2,0,3864,22.79089
NPU_INT8,NPU_INT8,NPU_INT8,84,90,8,5,5,128,2,2,0,4123,21.359205
NPU_INT8,NPU_INT8,NPU_INT8,92,98,16,5,5,128,2,2,0,8822,24.003988
NPU_INT8,NPU_INT8,NPU_INT8,92,98,128,5,5,16,2,2,0,20955,10.105617
NPU_INT8,NPU_INT8,NPU_INT8,92,98,64,5,5,16,2,2,0,6199,17.080431
NPU_INT8,NPU_INT8,NPU_INT8,92,98,8,5,5,32,2,2,0,1281,20.663855
NPU_INT8,NPU_INT8,NPU_INT8,106,102,16,5,5,32,2,2,0,2763,23.153963
NPU_INT8,NPU_INT8,NPU_INT8,106,108,16,5,5,8,2,2,0,1122,15.127274
NPU_INT8,NPU_INT8,NPU_INT8,114,108,32,5,5,8,2,2,0,2062,17.753637
NPU_INT8,NPU_INT8,NPU_INT8,114,112,32,5,5,16,2,2,0,3557,21.375317
NPU_INT8,NPU_INT8,NPU_INT8,122,116,8,5,5,16,2,2,0,1007,20.998611
NPU_INT8,NPU_INT8,NPU_INT8,122,120,16,5,5,16,2,2,0,2130,20.564133
NPU_INT8,NPU_INT8,NPU_INT8,128,128,16,5,5,64,2,2,0,9348,21.054003
NPU_INT8,NPU_INT8,NPU_INT8,112,104,32,5,5,64,2,2,0,12146,22.76305
NPU_INT8,NPU_INT8,NPU_INT8,112,112,8,5,5,8,2,2,0,826,11.296852
NPU_INT8,NPU_INT8,NPU_INT8,224,224,8,5,5,8,2,2,0,2956,13.098782
NPU_INT8,NPU_INT8,NPU_INT32,2,2,8,1,1,8,1,1,0,34,0.015059
NPU_INT8,NPU_INT8,NPU_INT32,2,4,64,1,1,8,1,1,0,35,0.234057
NPU_INT8,NPU_INT8,NPU_INT32,6,8,256,1,1,8,1,1,0,86,2.286139
NPU_INT8,NPU_INT8,NPU_INT32,8,8,16,1,1,16,1,1,0,48,0.682667
NPU_INT8,NPU_INT8,NPU_INT32,2,4,128,1,1,16,1,1,0,42,0.78019
NPU_INT8,NPU_INT8,NPU_INT32,4,6,512,1,1,16,1,1,0,114,3.449263
NPU_INT8,NPU_INT8,NPU_INT32,6,8,32,1,1,32,1,1,0,60,1.6384
NPU_INT8,NPU_INT8,NPU_INT32,2,2,128,1,1,32,1,1,0,49,0.668735
NPU_INT8,NPU_INT8,NPU_INT32,2,4,512,1,1,32,1,1,0,110,2.383127
NPU_INT8,NPU_INT8,NPU_INT32,4,6,8,1,1,64,1,1,0,55,0.446836
NPU_INT8,NPU_INT8,NPU_INT32,6,8,64,1,1,64,1,1,0,105,3.744915
NPU_INT8,NPU_INT8,NPU_INT32,8,8,256,1,1,64,1,1,0,261,8.035065
NPU_INT8,NPU_INT8,NPU_INT32,2,4,8,1,1,128,1,1,0,55,0.297891
NPU_INT8,NPU_INT8,NPU_INT32,6,8,64,1,1,128,1,1,0,169,4.653444
NPU_INT8,NPU_INT8,NPU_INT32,8,8,512,1,1,128,1,1,0,980,8.559803
NPU_INT8,NPU_INT8,NPU_INT32,2,2,16,1,1,256,1,1,0,73,0.448877
NPU_INT8,NPU_INT8,NPU_INT32,4,4,64,1,1,256,1,1,0,160,3.2768
NPU_INT8,NPU_INT8,NPU_INT32,6,6,128,1,1,256,1,1,0,298,7.9171
NPU_INT8,NPU_INT8,NPU_INT32,8,8,256,1,1,256,1,1,0,683,12.282001
NPU_INT8,NPU_INT8,NPU_INT32,10,16,8,1,1,8,1,1,0,52,0.393846
NPU_INT8,NPU_INT8,NPU_INT32,10,16,16,1,1,8,1,1,0,55,0.744727
NPU_INT8,NPU_INT8,NPU_INT32,10,16,32,1,1,8,1,1,0,64,1.28
NPU_INT8,NPU_INT8,NPU_INT32,16,20,64,1,1,8,1,1,0,192,1.706667
NPU_INT8,NPU_INT8,NPU_INT32,16,20,128,1,1,8,1,1,0,308,2.127792
NPU_INT8,NPU_INT8,NPU_INT32,16,20,256,1,1,8,1,1,0,546,2.400586
NPU_INT8,NPU_INT8,NPU_INT32,16,20,512,1,1,8,1,1,0,1189,2.204743
NPU_INT8,NPU_INT8,NPU_INT32,16,20,8,1,1,16,1,1,0,124,0.660645
NPU_INT8,NPU_INT8,NPU_INT32,16,20,16,1,1,16,1,1,0,139,1.178705
NPU_INT8,NPU_INT8,NPU_INT32,16,20,32,1,1,16,1,1,0,168,1.950476
NPU_INT8,NPU_INT8,NPU_INT32,16,20,64,1,1,16,1,1,0,227,2.887048
NPU_INT8,NPU_INT8,NPU_INT32,18,22,128,1,1,16,1,1,0,397,4.085683
NPU_INT8,NPU_INT8,NPU_INT32,18,22,256,1,1,16,1,1,0,776,4.180454
NPU_INT8,NPU_INT8,NPU_INT32,20,24,512,1,1,16,1,1,0,2334,3.36946
NPU_INT8,NPU_INT8,NPU_INT32,20,24,8,1,1,32,1,1,0,249,0.986988
NPU_INT8,NPU_INT8,NPU_INT32,20,24,16,1,1,32,1,1,0,267,1.840899
NPU_INT8,NPU_INT8,NPU_INT32,20,24,32,1,1,32,1,1,0,308,3.191689
NPU_INT8,NPU_INT8,NPU_INT32,20,24,64,1,1,32,1,1,0,386,5.093472
NPU_INT8,NPU_INT8,NPU_INT32,20,24,128,1,1,32,1,1,0,850,4.626071
NPU_INT8,NPU_INT8,NPU_INT32,10,16,256,1,1,32,1,1,0,656,3.996098
NPU_INT8,NPU_INT8,NPU_INT32,10,16,512,1,1,32,1,1,0,2470,2.122623
NPU_INT8,NPU_INT8,NPU_INT32,10,16,8,1,1,64,1,1,0,164,0.999024
NPU_INT8,NPU_INT8,NPU_INT32,16,20,16,1,1,64,1,1,0,335,1.956298
NPU_INT8,NPU_INT8,NPU_INT32,16,20,32,1,1,64,1,1,0,364,3.600879
NPU_INT8,NPU_INT8,NPU_INT32,16,20,64,1,1,64,1,1,0,553,4.740398
NPU_INT8,NPU_INT8,NPU_INT32,16,20,128,1,1,64,1,1,0,786,6.670331
NPU_INT8,NPU_INT8,NPU_INT32,16,20,256,1,1,64,1,1,0,4104,2.55501
NPU_INT8,NPU_INT8,NPU_INT32,16,20,512,1,1,64,1,1,0,9126,2.297997
NPU_INT8,NPU_INT8,NPU_INT32,16,20,8,1,1,128,1,1,0,596,1.099597
NPU_INT8,NPU_INT8,NPU_INT32,18,22,16,1,1,128,1,1,0,807,2.009933
NPU_INT8,NPU_INT8,NPU_INT32,18,22,32,1,1,128,1,1,0,912,3.557053
NPU_INT8,NPU_INT8,NPU_INT32,20,24,64,1,1,128,1,1,0,1445,5.442436
NPU_INT8,NPU_INT8,NPU_INT32,20,24,128,1,1,128,1,1,0,3337,4.713408
NPU_INT8,NPU_INT8,NPU_INT32,20,24,256,1,1,128,1,1,0,5110,6.156024
NPU_INT8,NPU_INT8,NPU_INT32,20,24,512,1,1,128,1,1,0,13853,4.541584
NPU_INT8,NPU_INT8,NPU_INT32,20,24,8,1,1,256,1,1,0,1713,1.147741
NPU_INT8,NPU_INT8,NPU_INT32,20,24,16,1,1,256,1,1,0,1827,2.15225
NPU_INT8,NPU_INT8,NPU_INT32,20,24,32,1,1,256,1,1,0,2163,3.635839
NPU_INT8,NPU_INT8,NPU_INT32,10,14,64,1,1,256,1,1,0,617,7.435202
NPU_INT8,NPU_INT8,NPU_INT32,10,14,128,1,1,256,1,1,0,910,10.08246
NPU_INT8,NPU_INT8,NPU_INT32,10,14,256,1,1,256,1,1,0,2548,7.201757
NPU_INT8,NPU_INT8,NPU_INT32,14,20,512,1,1,256,1,1,0,17321,4.237648
NPU_INT8,NPU_INT8,NPU_INT32,26,32,128,1,1,128,1,1,0,4462,6.110035
NPU_INT8,NPU_INT8,NPU_INT32,26,32,256,1,1,128,1,1,0,7206,7.566744
NPU_INT8,NPU_INT8,NPU_INT32,26,32,512,1,1,128,1,1,0,16967,6.427295
NPU_INT8,NPU_INT8,NPU_INT32,26,32,512,1,1,256,1,1,0,33919,6.430137
NPU_INT8,NPU_INT8,NPU_INT32,28,32,128,1,1,256,1,1,0,11691,5.022689
NPU_INT8,NPU_INT8,NPU_INT32,28,32,256,1,1,256,1,1,0,15269,7.691435
NPU_INT8,NPU_INT8,NPU_INT32,36,42,64,1,1,8,1,1,0,852,1.81724
NPU_INT8,NPU_INT8,NPU_INT32,36,42,256,1,1,16,1,1,0,3220,3.846678
NPU_INT8,NPU_INT8,NPU_INT32,36,42,256,1,1,8,1,1,0,3053,2.028547
NPU_INT8,NPU_INT8,NPU_INT32,42,46,512,1,1,64,1,1,0,27610,4.585858
NPU_INT8,NPU_INT8,NPU_INT32,46,52,512,1,1,8,1,1,0,11500,1.703936
NPU_INT8,NPU_INT8,NPU_INT32,56,64,16,1,1,256,1,1,0,13066,2.247063
NPU_INT8,NPU_INT8,NPU_INT32,56,64,512,1,1,16,1,1,0,15370,3.820446
NPU_INT8,NPU_INT8,NPU_INT32,56,64,32,1,1,256,1,1,0,14622,4.015884
NPU_INT8,NPU_INT8,NPU_INT32,64,66,64,1,1,256,1,1,0,20613,6.714793
NPU_INT8,NPU_INT8,NPU_INT32,64,66,256,1,1,64,1,1,0,22275,6.213783
NPU_INT8,NPU_INT8,NPU_INT32,68,76,128,1,1,32,1,1,0,6385,6.630581
NPU_INT8,NPU_INT8,NPU_INT32,68,76,256,1,1,32,1,1,0,18589,4.55498
NPU_INT8,NPU_INT8,NPU_INT32,68,76,512,1,1,32,1,1,0,42187,4.014152
NPU_INT8,NPU_INT8,NPU_INT32,68,76,8,1,1,64,1,1,0,4696,1.126923
NPU_INT8,NPU_INT8,NPU_INT32,78,82,64,1,1,64,1,1,0,10633,4.927681
NPU_INT8,NPU_INT8,NPU_INT32,78,82,128,1,1,64,1,1,0,20577,5.09268
NPU_INT8,NPU_INT8,NPU_INT32,78,82,8,1,1,256,1,1,0,23763,1.102471
NPU_INT8,NPU_INT8,NPU_INT32,78,82,8,1,1,8,1,1,0,1380,0.593252
NPU_INT8,NPU_INT8,NPU_INT32,78,82,32,1,1,128,1,1,0,14874,3.522659
NPU_INT8,NPU_INT8,NPU_INT32,84,90,64,1,1,128,1,1,0,23155,5.3493
NPU_INT8,NPU_INT8,NPU_INT32,84,90,64,1,1,32,1,1,0,5816,5.324237
NPU_INT8,NPU_INT8,NPU_INT32,84,90,128,1,1,8,1,1,0,6217,2.49041
NPU_INT8,NPU_INT8,NPU_INT32,84,90,32,1,1,32,1,1,0,4530,3.417855
NPU_INT8,NPU_INT8,NPU_INT32,84,90,8,1,1,128,1,1,0,13530,1.144337
NPU_INT8,NPU_INT8,NPU_INT32,92,98,16,1,1,128,1,1,0,17341,2.129608
NPU_INT8,NPU_INT8,NPU_INT32,92,98,128,1,1,16,1,1,0,9181,4.022388
NPU_INT8,NPU_INT8,NPU_INT32,92,98,64,1,1,16,1,1,0,5873,3.14401
NPU_INT8,NPU_INT8,NPU_INT32,92,98,8,1,1,32,1,1,0,4748,0.972239
NPU_INT8,NPU_INT8,NPU_INT32,106,102,16,1,1,32,1,1,0,5910,1.873348
NPU_INT8,NPU_INT8,NPU_INT32,106,108,16,1,1,8,1,1,0,2869,1.021502
NPU_INT8,NPU_INT8,NPU_INT32,114,108,32,1,1,8,1,1,0,4029,1.564593
NPU_INT8,NPU_INT8,NPU_INT32,114,112,32,1,1,16,1,1,0,5081,2.5732
NPU_INT8,NPU_INT8,NPU_INT32,122,116,8,1,1,16,1,1,0,4024,0.900326
NPU_INT8,NPU_INT8,NPU_INT32,122,120,16,1,1,16,1,1,0,4517,1.659438
NPU_INT8,NPU_INT8,NPU_INT32,128,128,16,1,1,64,1,1,0,15547,2.158257
NPU_INT8,NPU_INT8,NPU_INT32,112,104,32,1,1,64,1,1,0,13684,3.486569
NPU_INT8,NPU_INT8,NPU_INT32,112,112,8,1,1,8,1,1,0,2288,0.701762
NPU_INT8,NPU_INT8,NPU_INT32,224,224,8,1,1,8,1,1,0,9061,0.70881
NPU_INT8,NPU_INT8,NPU_INT32,6,8,256,3,3,8,1,1,0,161,5.495255
NPU_INT8,NPU_INT8,NPU_INT32,8,8,16,3,3,16,1,1,0,54,3.072
NPU_INT8,NPU_INT8,NPU_INT32,4,6,512,3,3,16,1,1,0,367,3.2143
NPU_INT8,NPU_INT8,NPU_INT32,6,8,32,3,3,32,1,1,0,91,4.861187
NPU_INT8,NPU_INT8,NPU_INT32,4,6,8,3,3,64,1,1,0,53,1.391094
NPU_INT8,NPU_INT8,NPU_INT32,6,8,64,3,3,64,1,1,0,245,7.222334
NPU_INT8,NPU_INT8,NPU_INT32,8,8,256,3,3,64,1,1,0,1034,10.267729
NPU_INT8,NPU_INT8,NPU_INT32,6,8,64,3,3,128,1,1,0,364,9.722373
NPU_INT8,NPU_INT8,NPU_INT32,8,8,512,3,3,128,1,1,0,12753,3.329988
NPU_INT8,NPU_INT8,NPU_INT32,4,4,64,3,3,256,1,1,0,545,2.164492
NPU_INT8,NPU_INT8,NPU_INT32,6,6,128,3,3,256,1,1,0,1220,7.735396
NPU_INT8,NPU_INT8,NPU_INT32,8,8,256,3,3,256,1,1,0,3931,10.803186
NPU_INT8,NPU_INT8,NPU_INT32,10,16,8,3,3,8,1,1,0,52,2.481231
NPU_INT8,NPU_INT8,NPU_INT32,10,16,16,3,3,8,1,1,0,62,4.162065
NPU_INT8,NPU_INT8,NPU_INT32,10,16,32,3,3,8,1,1,0,84,6.144
NPU_INT8,NPU_INT8,NPU_INT32,16,20,64,3,3,8,1,1,0,221,10.508743
NPU_INT8,NPU_INT8,NPU_INT32,16,20,128,3,3,8,1,1,0,440,10.556509
NPU_INT8,NPU_INT8,NPU_INT32,16,20,256,3,3,8,1,1,0,883,10.520643
NPU_INT8,NPU_INT8,NPU_INT32,16,20,512,3,3,8,1,1,0,4558,4.07623
NPU_INT8,NPU_INT8,NPU_INT32,16,20,8,3,3,16,1,1,0,111,5.230703
NPU_INT8,NPU_INT8,NPU_INT32,16,20,16,3,3,16,1,1,0,144,8.064
NPU_INT8,NPU_INT8,NPU_INT32,16,20,32,3,3,16,1,1,0,212,10.954868
NPU_INT8,NPU_INT8,NPU_INT32,16,20,64,3,3,16,1,1,0,349,13.309067
NPU_INT8,NPU_INT8,NPU_INT32,18,22,128,3,3,16,1,1,0,829,14.229771
NPU_INT8,NPU_INT8,NPU_INT32,18,22,256,3,3,16,1,1,0,1731,13.629671
NPU_INT8,NPU_INT8,NPU_INT32,20,24,512,3,3,16,1,1,0,19231,3.036378
NPU_INT8,NPU_INT8,NPU_INT32,20,24,8,3,3,32,1,1,0,248,7.357936
NPU_INT8,NPU_INT8,NPU_INT32,20,24,16,3,3,32,1,1,0,299,12.205807
NPU_INT8,NPU_INT8,NPU_INT32,20,24,32,3,3,32,1,1,0,473,15.431442
NPU_INT8,NPU_INT8,NPU_INT32,20,24,64,3,3,32,1,1,0,834,17.503771
NPU_INT8,NPU_INT8,NPU_INT32,20,24,128,3,3,32,1,1,0,1737,16.808456
NPU_INT8,NPU_INT8,NPU_INT32,10,16,256,3,3,32,1,1,0,1685,9.801229
NPU_INT8,NPU_INT8,NPU_INT32,10,16,512,3,3,32,1,1,0,7971,4.143789
NPU_INT8,NPU_INT8,NPU_INT32,10,16,8,3,3,64,1,1,0,173,5.966428
NPU_INT8,NPU_INT8,NPU_INT32,16,20,16,3,3,64,1,1,0,364,12.760616
NPU_INT8,NPU_INT8,NPU_INT32,16,20,32,3,3,64,1,1,0,555,16.738249
NPU_INT8,NPU_INT8,NPU_INT32,16,20,64,3,3,64,1,1,0,915,20.305416
NPU_INT8,NPU_INT8,NPU_INT32,16,20,128,3,3,64,1,1,0,1783,20.840672
NPU_INT8,NPU_INT8,NPU_INT32,16,20,256,3,3,64,1,1,0,5854,12.695221
NPU_INT8,NPU_INT8,NPU_INT32,16,20,512,3,3,64,1,1,0,35287,4.212193
NPU_INT8,NPU_INT8,NPU_INT32,16,20,8,3,3,128,1,1,0,515,9.019154
NPU_INT8,NPU_INT8,NPU_INT32,18,22,16,3,3,128,1,1,0,815,14.474209
NPU_INT8,NPU_INT8,NPU_INT32,18,22,32,3,3,128,1,1,0,1195,19.743063
NPU_INT8,NPU_INT8,NPU_INT32,20,24,64,3,3,128,1,1,0,2618,22.30427
NPU_INT8,NPU_INT8,NPU_INT32,20,24,128,3,3,128,1,1,0,6520,17.911835
NPU_INT8,NPU_INT8,NPU_INT32,20,24,256,3,3,128,1,1,0,25759,9.067522
NPU_INT8,NPU_INT8,NPU_INT32,20,24,512,3,3,128,1,1,0,153603,3.041221
NPU_INT8,NPU_INT8,NPU_INT32,20,24,8,3,3,256,1,1,0,1546,9.442526
NPU_INT8,NPU_INT8,NPU_INT32,20,24,16,3,3,256,1,1,0,1822,16.024307
NPU_INT8,NPU_INT8,NPU_INT32,20,24,32,3,3,256,1,1,0,2643,22.093294
NPU_INT8,NPU_INT8,NPU_INT32,10,14,64,3,3,256,1,1,0,1312,21.578926
NPU_INT8,NPU_INT8,NPU_INT32,10,14,128,3,3,256,1,1,0,2484,22.79513
NPU_INT8,NPU_INT8,NPU_INT32,10,14,256,3,3,256,1,1,0,12018,9.423049
NPU_INT8,NPU_INT8,NPU_INT32,14,20,512,3,3,256,1,1,0,115657,4.4062
NPU_INT8,NPU_INT8,NPU_INT32,26,32,128,3,3,128,1,1,0,10903,19.475063
NPU_INT8,NPU_INT8,NPU_INT32,26,32,256,3,3,128,1,1,0,43979,9.656274
NPU_INT8,NPU_INT8,NPU_INT32,26,32,512,3,3,128,1,1,0,220824,3.84626
NPU_INT8,NPU_INT8,NPU_INT32,26,32,512,3,3,256,1,1,0,441603,3.846652
NPU_INT8,NPU_INT8,NPU_INT32,28,32,128,3,3,256,1,1,0,22957,20.040195
NPU_INT8,NPU_INT8,NPU_INT32,28,32,256,3,3,256,1,1,0,102394,8.986127
NPU_INT8,NPU_INT8,NPU_INT32,36,42,64,3,3,8,1,1,0,881,14.226742
NPU_INT8,NPU_INT8,NPU_INT32,36,42,256,3,3,16,1,1,0,6927,14.475252
NPU_INT8,NPU_INT8,NPU_INT32,36,42,256,3,3,8,1,1,0,3555,14.102684
NPU_INT8,NPU_INT8,NPU_INT32,42,46,512,3,3,64,1,1,0,238241,4.357312
NPU_INT8,NPU_INT8,NPU_INT32,46,52,512,3,3,8,1,1,0,57711,2.810584
NPU_INT8,NPU_INT8,NPU_INT32,56,64,16,3,3,256,1,1,0,15413,16.015139
NPU_INT8,NPU_INT8,NPU_INT32,56,64,512,3,3,16,1,1,0,129171,3.821931
NPU_INT8,NPU_INT8,NPU_INT32,56,64,32,3,3,256,1,1,0,23251,21.23275
NPU_INT8,NPU_INT8,NPU_INT32,64,66,64,3,3,256,1,1,0,50019,23.395325
NPU_INT8,NPU_INT8,NPU_INT32,64,66,256,3,3,64,1,1,0,90958,12.865396
NPU_INT8,NPU_INT8,NPU_INT32,68,76,128,3,3,32,1,1,0,15998,22.508286
NPU_INT8,NPU_INT8,NPU_INT32,68,76,256,3,3,32,1,1,0,53452,13.473305
NPU_INT8,NPU_INT8,NPU_INT32,68,76,512,3,3,32,1,1,0,399161,3.608444
NPU_INT8,NPU_INT8,NPU_INT32,68,76,8,3,3,64,1,1,0,4771,9.434279
NPU_INT8,NPU_INT8,NPU_INT32,78,82,64,3,3,64,1,1,0,18503,24.226679
NPU_INT8,NPU_INT8,NPU_INT32,78,82,128,3,3,64,1,1,0,47379,18.922571
NPU_INT8,NPU_INT8,NPU_INT32,78,82,8,3,3,256,1,1,0,21857,10.254523
NPU_INT8,NPU_INT8,NPU_INT32,78,82,8,3,3,8,1,1,0,1229,5.699072
NPU_INT8,NPU_INT8,NPU_INT32,78,82,32,3,3,128,1,1,0,21935,20.436117
NPU_INT8,NPU_INT8,NPU_INT32,84,90,64,3,3,128,1,1,0,45442,23.415398
NPU_INT8,NPU_INT8,NPU_INT32,84,90,64,3,3,32,1,1,0,13632,19.513691
NPU_INT8,NPU_INT8,NPU_INT32,84,90,128,3,3,8,1,1,0,7081,18.783409
NPU_INT8,NPU_INT8,NPU_INT32,84,90,32,3,3,32,1,1,0,5800,22.93195
NPU_INT8,NPU_INT8,NPU_INT32,84,90,8,3,3,128,1,1,0,13314,9.989883
NPU_INT8,NPU_INT8,NPU_INT32,92,98,16,3,3,128,1,1,0,17123,18.601002
NPU_INT8,NPU_INT8,NPU_INT32,92,98,128,3,3,16,1,1,0,13370,23.822357
NPU_INT8,NPU_INT8,NPU_INT32,92,98,64,3,3,16,1,1,0,6921,23.010036
NPU_INT8,NPU_INT8,NPU_INT32,92,98,8,3,3,32,1,1,0,4558,8.734777
NPU_INT8,NPU_INT8,NPU_INT32,106,102,16,3,3,32,1,1,0,5964,16.070826
NPU_INT8,NPU_INT8,NPU_INT32,106,108,16,3,3,8,1,1,0,2908,8.734283
NPU_INT8,NPU_INT8,NPU_INT32,114,108,32,3,3,8,1,1,0,4255,12.856916
NPU_INT8,NPU_INT8,NPU_INT32,114,112,32,3,3,16,1,1,0,5626,20.181501
NPU_INT8,NPU_INT8,NPU_INT32,122,116,8,3,3,16,1,1,0,3936,8.007805
NPU_INT8,NPU_INT8,NPU_INT32,122,120,16,3,3,16,1,1,0,4703,13.87397
NPU_INT8,NPU_INT8,NPU_INT32,128,128,16,3,3,64,1,1,0,17927,16.323223
NPU_INT8,NPU_INT8,NPU_INT32,112,104,32,3,3,64,1,1,0,19467,21.246933
NPU_INT8,NPU_INT8,NPU_INT32,112,112,8,3,3,8,1,1,0,2580,5.402791
NPU_INT8,NPU_INT8,NPU_INT32,224,224,8,3,3,8,1,1,0,10820,5.247243
NPU_INT8,NPU_INT8,NPU_INT32,2,2,8,5,5,8,1,1,0,38,0.336842
NPU_INT8,NPU_INT8,NPU_INT32,6,8,256,5,5,8,1,1,0,264,3.10303
NPU_INT8,NPU_INT8,NPU_INT32,8,8,16,5,5,16,1,1,0,65,3.150769
NPU_INT8,NPU_INT8,NPU_INT32,6,8,32,5,5,32,1,1,0,136,3.011765
NPU_INT8,NPU_INT8,NPU_INT32,2,2,128,5,5,32,1,1,0,380,2.155789
NPU_INT8,NPU_INT8,NPU_INT32,6,8,64,5,5,64,1,1,0,418,3.919617
NPU_INT8,NPU_INT8,NPU_INT32,8,8,256,5,5,64,1,1,0,2342,5.596584
NPU_INT8,NPU_INT8,NPU_INT32,6,8,64,5,5,128,1,1,0,785,4.174267
NPU_INT8,NPU_INT8,NPU_INT32,8,8,512,5,5,128,1,1,0,7595,6.903068
NPU_INT8,NPU_INT8,NPU_INT32,2,2,16,5,5,256,1,1,0,387,2.116796
NPU_INT8,NPU_INT8,NPU_INT32,6,6,128,5,5,256,1,1,0,3354,1.953965
NPU_INT8,NPU_INT8,NPU_INT32,8,8,256,5,5,256,1,1,0,9297,5.639324
NPU_INT8,NPU_INT8,NPU_INT32,10,16,8,5,5,8,1,1,0,57,4.042105
NPU_INT8,NPU_INT8,NPU_INT32,10,16,16,5,5,8,1,1,0,73,6.312329
NPU_INT8,NPU_INT8,NPU_INT32,10,16,32,5,5,8,1,1,0,109,8.455046
NPU_INT8,NPU_INT8,NPU_INT32,16,20,64,5,5,8,1,1,0,342,14.371931
NPU_INT8,NPU_INT8,NPU_INT32,16,20,128,5,5,8,1,1,0,648,15.17037
NPU_INT8,NPU_INT8,NPU_INT32,16,20,256,5,5,8,1,1,0,1496,13.142246
NPU_INT8,NPU_INT8,NPU_INT32,16,20,512,5,5,8,1,1,0,2648,14.849548
NPU_INT8,NPU_INT8,NPU_INT32,16,20,8,5,5,16,1,1,0,133,9.239099
NPU_INT8,NPU_INT8,NPU_INT32,16,20,16,5,5,16,1,1,0,197,12.475128
NPU_INT8,NPU_INT8,NPU_INT32,16,20,32,5,5,16,1,1,0,329,14.939817
NPU_INT8,NPU_INT8,NPU_INT32,16,20,64,5,5,16,1,1,0,541,18.170795
NPU_INT8,NPU_INT8,NPU_INT32,18,22,128,5,5,16,1,1,0,1327,19.445969
NPU_INT8,NPU_INT8,NPU_INT32,18,22,256,5,5,16,1,1,0,5008,10.305431
NPU_INT8,NPU_INT8,NPU_INT32,20,24,512,5,5,16,1,1,0,8782,14.925074
NPU_INT8,NPU_INT8,NPU_INT32,20,24,8,5,5,32,1,1,0,296,13.837837
NPU_INT8,NPU_INT8,NPU_INT32,20,24,16,5,5,32,1,1,0,487,16.821354
NPU_INT8,NPU_INT8,NPU_INT32,20,24,32,5,5,32,1,1,0,825,19.859394
NPU_INT8,NPU_INT8,NPU_INT32,20,24,64,5,5,32,1,1,0,1534,21.361149
NPU_INT8,NPU_INT8,NPU_INT32,20,24,128,5,5,32,1,1,0,2999,21.852619
NPU_INT8,NPU_INT8,NPU_INT32,10,16,256,5,5,32,1,1,0,2394,12.318797
NPU_INT8,NPU_INT8,NPU_INT32,10,16,512,5,5,32,1,1,0,3531,16.704163
NPU_INT8,NPU_INT8,NPU_INT32,10,16,8,5,5,64,1,1,0,203,9.079803
NPU_INT8,NPU_INT8,NPU_INT32,16,20,16,5,5,64,1,1,0,544,18.070589
NPU_INT8,NPU_INT8,NPU_INT32,16,20,32,5,5,64,1,1,0,945,20.80508
NPU_INT8,NPU_INT8,NPU_INT32,16,20,64,5,5,64,1,1,0,1732,22.703003
NPU_INT8,NPU_INT8,NPU_INT32,16,20,128,5,5,64,1,1,0,3588,21.918396
NPU_INT8,NPU_INT8,NPU_INT32,16,20,256,5,5,64,1,1,0,13055,12.047981
NPU_INT8,NPU_INT8,NPU_INT32,16,20,512,5,5,64,1,1,0,19891,15.814831
NPU_INT8,NPU_INT8,NPU_INT32,16,20,8,5,5,128,1,1,0,548,17.938686
NPU_INT8,NPU_INT8,NPU_INT32,18,22,16,5,5,128,1,1,0,1222,21.116858
NPU_INT8,NPU_INT8,NPU_INT32,18,22,32,5,5,128,1,1,0,2227,23.174496
NPU_INT8,NPU_INT8,NPU_INT32,20,24,64,5,5,128,1,1,0,5493,23.861641
NPU_INT8,NPU_INT8,NPU_INT32,20,24,128,5,5,128,1,1,0,11482,22.830864
NPU_INT8,NPU_INT8,NPU_INT32,20,24,256,5,5,128,1,1,0,45585,11.501328
NPU_INT8,NPU_INT8,NPU_INT32,20,24,512,5,5,128,1,1,0,69405,15.108076
NPU_INT8,NPU_INT8,NPU_INT32,20,24,8,5,5,256,1,1,0,1614,20.302353
NPU_INT8,NPU_INT8,NPU_INT32,20,24,16,5,5,256,1,1,0,2872,22.818943
NPU_INT8,NPU_INT8,NPU_INT32,20,24,32,5,5,256,1,1,0,5478,23.926979
NPU_INT8,NPU_INT8,NPU_INT32,10,14,64,5,5,256,1,1,0,2191,22.433592
NPU_INT8,NPU_INT8,NPU_INT32,10,14,128,5,5,256,1,1,0,4895,20.082533
NPU_INT8,NPU_INT8,NPU_INT32,10,14,256,5,5,256,1,1,0,16925,11.616426
NPU_INT8,NPU_INT8,NPU_INT32,14,20,512,5,5,256,1,1,0,68033,15.412756
NPU_INT8,NPU_INT8,NPU_INT32,26,32,128,5,5,128,1,1,0,21644,23.314877
NPU_INT8,NPU_INT8,NPU_INT32,26,32,256,5,5,128,1,1,0,92334,10.930474
NPU_INT8,NPU_INT8,NPU_INT32,26,32,512,5,5,128,1,1,0,133335,15.138626
NPU_INT8,NPU_INT8,NPU_INT32,26,32,512,5,5,256,1,1,0,266553,15.145271
NPU_INT8,NPU_INT8,NPU_INT32,28,32,128,5,5,256,1,1,0,46480,23.68771
NPU_INT8,NPU_INT8,NPU_INT32,28,32,256,5,5,256,1,1,0,195196,11.281017
NPU_INT8,NPU_INT8,NPU_INT32,36,42,64,5,5,8,1,1,0,1494,20.836412
NPU_INT8,NPU_INT8,NPU_INT32,36,42,256,5,5,16,1,1,0,24687,10.087771
NPU_INT8,NPU_INT8,NPU_INT32,36,42,256,5,5,8,1,1,0,9363,13.298986
NPU_INT8,NPU_INT8,NPU_INT32,42,46,512,5,5,64,1,1,0,173884,15.038109
NPU_INT8,NPU_INT8,NPU_INT32,46,52,512,5,5,8,1,1,0,30756,13.424269
NPU_INT8,NPU_INT8,NPU_INT32,56,64,16,5,5,256,1,1,0,26303,24.292892
NPU_INT8,NPU_INT8,NPU_INT32,56,64,512,5,5,16,1,1,0,80329,15.908974
NPU_INT8,NPU_INT8,NPU_INT32,56,64,32,5,5,256,1,1,0,51746,24.696632
NPU_INT8,NPU_INT8,NPU_INT32,64,66,64,5,5,256,1,1,0,131610,23.154959
NPU_INT8,NPU_INT8,NPU_INT32,64,66,256,5,5,64,1,1,0,345532,8.819513
NPU_INT8,NPU_INT8,NPU_INT32,68,76,128,5,5,32,1,1,0,39291,24.01869
NPU_INT8,NPU_INT8,NPU_INT32,68,76,256,5,5,32,1,1,0,172485,10.942614
NPU_INT8,NPU_INT8,NPU_INT32,68,76,512,5,5,32,1,1,0,220709,17.103395
NPU_INT8,NPU_INT8,NPU_INT32,68,76,8,5,5,64,1,1,0,5162,22.852537
NPU_INT8,NPU_INT8,NPU_INT32,78,82,64,5,5,64,1,1,0,50259,23.520275
NPU_INT8,NPU_INT8,NPU_INT32,78,82,128,5,5,64,1,1,0,100614,23.497833
NPU_INT8,NPU_INT8,NPU_INT32,78,82,8,5,5,256,1,1,0,28749,20.559071
NPU_INT8,NPU_INT8,NPU_INT32,78,82,8,5,5,8,1,1,0,1452,12.720659
NPU_INT8,NPU_INT8,NPU_INT32,78,82,32,5,5,128,1,1,0,49368,23.944771
NPU_INT8,NPU_INT8,NPU_INT32,84,90,64,5,5,128,1,1,0,114325,24.649448
NPU_INT8,NPU_INT8,NPU_INT32,84,90,64,5,5,32,1,1,0,28687,24.558582
NPU_INT8,NPU_INT8,NPU_INT32,84,90,128,5,5,8,1,1,0,15611,22.564602
NPU_INT8,NPU_INT8,NPU_INT32,84,90,32,5,5,32,1,1,0,14803,23.796257
NPU_INT8,NPU_INT8,NPU_INT32,84,90,8,5,5,128,1,1,0,18225,19.328176
NPU_INT8,NPU_INT8,NPU_INT32,92,98,16,5,5,128,1,1,0,35257,24.025095
NPU_INT8,NPU_INT8,NPU_INT32,92,98,128,5,5,16,1,1,0,36992,22.898268
NPU_INT8,NPU_INT8,NPU_INT32,92,98,64,5,5,16,1,1,0,17356,24.402304
NPU_INT8,NPU_INT8,NPU_INT32,92,98,8,5,5,32,1,1,0,4911,21.560089
NPU_INT8,NPU_INT8,NPU_INT32,106,102,16,5,5,32,1,1,0,11170,22.909365
NPU_INT8,NPU_INT8,NPU_INT32,106,108,16,5,5,8,1,1,0,3107,21.851048
NPU_INT8,NPU_INT8,NPU_INT32,114,108,32,5,5,8,1,1,0,6203,23.606644
NPU_INT8,NPU_INT8,NPU_INT32,114,112,32,5,5,16,1,1,0,12728,23.894405
NPU_INT8,NPU_INT8,NPU_INT32,122,116,8,5,5,16,1,1,0,3972,21.294662
NPU_INT8,NPU_INT8,NPU_INT32,122,120,16,5,5,16,1,1,0,7695,22.768864
NPU_INT8,NPU_INT8,NPU_INT32,128,128,16,5,5,64,1,1,0,32723,24.058041
NPU_INT8,NPU_INT8,NPU_INT32,112,104,32,5,5,64,1,1,0,45501,24.305401
NPU_INT8,NPU_INT8,NPU_INT32,112,112,8,5,5,8,1,1,0,2660,14.031879
NPU_INT8,NPU_INT8,NPU_INT32,224,224,8,5,5,8,1,1,0,10221,15.153116
NPU_INT8,NPU_INT8,NPU_INT32,2,2,8,1,1,8,2,2,0,35,0.003657
NPU_INT8,NPU_INT8,NPU_INT32,2,4,64,1,1,8,2,2,0,46,0.044522
NPU_INT8,NPU_INT8,NPU_INT32,6,8,256,1,1,8,2,2,0,126,0.390095
NPU_INT8,NPU_INT8,NPU_INT32,8,8,16,1,1,16,2,2,0,42,0.195048
NPU_INT8,NPU_INT8,NPU_INT32,2,4,128,1,1,16,2,2,0,60,0.136533
NPU_INT8,NPU_INT8,NPU_INT32,4,6,512,1,1,16,2,2,0,189,0.520127
NPU_INT8,NPU_INT8,NPU_INT32,6,8,32,1,1,32,2,2,0,51,0.481882
NPU_INT8,NPU_INT8,NPU_INT32,2,2,128,1,1,32,2,2,0,68,0.120471
NPU_INT8,NPU_INT8,NPU_INT32,2,4,512,1,1,32,2,2,0,176,0.372364
NPU_INT8,NPU_INT8,NPU_INT32,4,6,8,1,1,64,2,2,0,44,0.139636
NPU_INT8,NPU_INT8,NPU_INT32,6,8,64,1,1,64,2,2,0,79,1.244354
NPU_INT8,NPU_INT8,NPU_INT32,8,8,256,1,1,64,2,2,0,219,2.394009
NPU_INT8,NPU_INT8,NPU_INT32,2,4,8,1,1,128,2,2,0,48,0.085333
NPU_INT8,NPU_INT8,NPU_INT32,6,8,64,1,1,128,2,2,0,106,1.854792
NPU_INT8,NPU_INT8,NPU_INT32,8,8,512,1,1,128,2,2,0,923,2.272104
NPU_INT8,NPU_INT8,NPU_INT32,2,2,16,1,1,256,2,2,0,67,0.122269
NPU_INT8,NPU_INT8,NPU_INT32,4,4,64,1,1,256,2,2,0,121,1.08324
NPU_INT8,NPU_INT8,NPU_INT32,6,6,128,1,1,256,2,2,0,238,2.478252
NPU_INT8,NPU_INT8,NPU_INT32,8,8,256,1,1,256,2,2,0,619,3.387968
NPU_INT8,NPU_INT8,NPU_INT32,10,16,8,1,1,8,2,2,0,42,0.121905
NPU_INT8,NPU_INT8,NPU_INT32,10,16,16,1,1,8,2,2,0,47,0.217872
NPU_INT8,NPU_INT8,NPU_INT32,10,16,32,1,1,8,2,2,0,58,0.353103
NPU_INT8,NPU_INT8,NPU_INT32,16,20,64,1,1,8,2,2,0,119,0.688403
NPU_INT8,NPU_INT8,NPU_INT32,16,20,128,1,1,8,2,2,0,200,0.8192
NPU_INT8,NPU_INT8,NPU_INT32,16,20,256,1,1,8,2,2,0,477,0.68696
NPU_INT8,NPU_INT8,NPU_INT32,16,20,512,1,1,8,2,2,0,1024,0.64
NPU_INT8,NPU_INT8,NPU_INT32,16,20,8,1,1,16,2,2,0,58,0.353103
NPU_INT8,NPU_INT8,NPU_INT32,16,20,16,1,1,16,2,2,0,69,0.593623
NPU_INT8,NPU_INT8,NPU_INT32,16,20,32,1,1,16,2,2,0,89,0.920449
NPU_INT8,NPU_INT8,NPU_INT32,16,20,64,1,1,16,2,2,0,132,1.241212
NPU_INT8,NPU_INT8,NPU_INT32,18,22,128,1,1,16,2,2,0,433,0.936499
NPU_INT8,NPU_INT8,NPU_INT32,18,22,256,1,1,16,2,2,0,698,1.161903
NPU_INT8,NPU_INT8,NPU_INT32,20,24,512,1,1,16,2,2,0,2015,0.975722
NPU_INT8,NPU_INT8,NPU_INT32,20,24,8,1,1,32,2,2,0,93,0.660645
NPU_INT8,NPU_INT8,NPU_INT32,20,24,16,1,1,32,2,2,0,109,1.127339
NPU_INT8,NPU_INT8,NPU_INT32,20,24,32,1,1,32,2,2,0,142,1.730704
NPU_INT8,NPU_INT8,NPU_INT32,20,24,64,1,1,32,2,2,0,207,2.374493
NPU_INT8,NPU_INT8,NPU_INT32,20,24,128,1,1,32,2,2,0,397,2.476171
NPU_INT8,NPU_INT8,NPU_INT32,10,16,256,1,1,32,2,2,0,270,2.427259
NPU_INT8,NPU_INT8,NPU_INT32,10,16,512,1,1,32,2,2,0,674,1.944688
NPU_INT8,NPU_INT8,NPU_INT32,10,16,8,1,1,64,2,2,0,74,0.553514
NPU_INT8,NPU_INT8,NPU_INT32,16,20,16,1,1,64,2,2,0,121,1.354049
NPU_INT8,NPU_INT8,NPU_INT32,16,20,32,1,1,64,2,2,0,149,2.199195
NPU_INT8,NPU_INT8,NPU_INT32,16,20,64,1,1,64,2,2,0,206,3.181359
NPU_INT8,NPU_INT8,NPU_INT32,16,20,128,1,1,64,2,2,0,430,3.048186
NPU_INT8,NPU_INT8,NPU_INT32,16,20,256,1,1,64,2,2,0,1013,2.587799
NPU_INT8,NPU_INT8,NPU_INT32,16,20,512,1,1,64,2,2,0,2151,2.437415
NPU_INT8,NPU_INT8,NPU_INT32,16,20,8,1,1,128,2,2,0,176,0.930909
NPU_INT8,NPU_INT8,NPU_INT32,18,22,16,1,1,128,2,2,0,240,1.6896
NPU_INT8,NPU_INT8,NPU_INT32,18,22,32,1,1,128,2,2,0,290,2.79658
NPU_INT8,NPU_INT8,NPU_INT32,20,24,64,1,1,128,2,2,0,686,2.866006
NPU_INT8,NPU_INT8,NPU_INT32,20,24,128,1,1,128,2,2,0,872,4.509358
NPU_INT8,NPU_INT8,NPU_INT32,20,24,256,1,1,128,2,2,0,1629,4.827698
NPU_INT8,NPU_INT8,NPU_INT32,20,24,512,1,1,128,2,2,0,6293,2.499387
NPU_INT8,NPU_INT8,NPU_INT32,20,24,8,1,1,256,2,2,0,455,1.080264
NPU_INT8,NPU_INT8,NPU_INT32,20,24,16,1,1,256,2,2,0,499,1.97002
NPU_INT8,NPU_INT8,NPU_INT32,20,24,32,1,1,256,2,2,0,647,3.038764
NPU_INT8,NPU_INT8,NPU_INT32,10,14,64,1,1,256,2,2,0,272,4.21647
NPU_INT8,NPU_INT8,NPU_INT32,10,14,128,1,1,256,2,2,0,414,5.540483
NPU_INT8,NPU_INT8,NPU_INT32,10,14,256,1,1,256,2,2,0,1192,3.84859
NPU_INT8,NPU_INT8,NPU_INT32,14,20,512,1,1,256,2,2,0,36762,0.499159
NPU_INT8,NPU_INT8,NPU_INT32,26,32,128,1,1,128,2,2,0,7475,0.911805
NPU_INT8,NPU_INT8,NPU_INT32,26,32,256,1,1,128,2,2,0,6445,2.115049
NPU_INT8,NPU_INT8,NPU_INT32,26,32,512,1,1,128,2,2,0,22894,1.190835
NPU_INT8,NPU_INT8,NPU_INT32,26,32,512,1,1,256,2,2,0,45767,1.191381
NPU_INT8,NPU_INT8,NPU_INT32,28,32,128,1,1,256,2,2,0,2958,4.962834
NPU_INT8,NPU_INT8,NPU_INT32,28,32,256,1,1,256,2,2,0,6638,4.423038
NPU_INT8,NPU_INT8,NPU_INT32,36,42,64,1,1,8,2,2,0,495,0.781964
NPU_INT8,NPU_INT8,NPU_INT32,36,42,256,1,1,16,2,2,0,4982,0.621553
NPU_INT8,NPU_INT8,NPU_INT32,36,42,256,1,1,8,2,2,0,2513,0.616111
NPU_INT8,NPU_INT8,NPU_INT32,42,46,512,1,1,64,2,2,0,51414,0.615667
NPU_INT8,NPU_INT8,NPU_INT32,46,52,512,1,1,8,2,2,0,10073,0.486331
NPU_INT8,NPU_INT8,NPU_INT32,56,64,16,1,1,256,2,2,0,4268,1.719783
NPU_INT8,NPU_INT8,NPU_INT32,56,64,512,1,1,16,2,2,0,21482,0.683366
NPU_INT8,NPU_INT8,NPU_INT32,56,64,32,1,1,256,2,2,0,7198,2.039464
NPU_INT8,NPU_INT8,NPU_INT32,64,66,64,1,1,256,2,2,0,12229,2.829586
NPU_INT8,NPU_INT8,NPU_INT32,64,66,256,1,1,64,2,2,0,6793,5.093922
NPU_INT8,NPU_INT8,NPU_INT32,68,76,128,1,1,32,2,2,0,3626,2.918937
NPU_INT8,NPU_INT8,NPU_INT32,68,76,256,1,1,32,2,2,0,9055,2.337728
NPU_INT8,NPU_INT8,NPU_INT32,68,76,512,1,1,32,2,2,0,19709,2.148067
NPU_INT8,NPU_INT8,NPU_INT32,68,76,8,1,1,64,2,2,0,1335,0.991017
NPU_INT8,NPU_INT8,NPU_INT32,78,82,64,1,1,64,2,2,0,15326,0.854692
NPU_INT8,NPU_INT8,NPU_INT32,78,82,128,1,1,64,2,2,0,15502,1.689976
NPU_INT8,NPU_INT8,NPU_INT32,78,82,8,1,1,256,2,2,0,6950,0.942375
NPU_INT8,NPU_INT8,NPU_INT32,78,82,8,1,1,8,2,2,0,535,0.382564
NPU_INT8,NPU_INT8,NPU_INT32,78,82,32,1,1,128,2,2,0,6413,2.042571
NPU_INT8,NPU_INT8,NPU_INT32,84,90,64,1,1,128,2,2,0,9507,3.257154
NPU_INT8,NPU_INT8,NPU_INT32,84,90,64,1,1,32,2,2,0,2925,2.646646
NPU_INT8,NPU_INT8,NPU_INT32,84,90,128,1,1,8,2,2,0,5482,0.706078
NPU_INT8,NPU_INT8,NPU_INT32,84,90,32,1,1,32,2,2,0,2764,1.400405
NPU_INT8,NPU_INT8,NPU_INT32,84,90,8,1,1,128,2,2,0,3936,0.983415
NPU_INT8,NPU_INT8,NPU_INT32,92,98,16,1,1,128,2,2,0,5230,1.765274
NPU_INT8,NPU_INT8,NPU_INT32,92,98,128,1,1,16,2,2,0,6769,1.363921
NPU_INT8,NPU_INT8,NPU_INT32,92,98,64,1,1,16,2,2,0,2879,1.603401
NPU_INT8,NPU_INT8,NPU_INT32,92,98,8,1,1,32,2,2,0,1453,0.794252
NPU_INT8,NPU_INT8,NPU_INT32,106,102,16,1,1,32,2,2,0,1980,1.397915
NPU_INT8,NPU_INT8,NPU_INT32,106,108,16,1,1,8,2,2,0,1215,0.603022
NPU_INT8,NPU_INT8,NPU_INT32,114,108,32,1,1,8,2,2,0,1994,0.790339
NPU_INT8,NPU_INT8,NPU_INT32,114,112,32,1,1,16,2,2,0,2200,1.485731
NPU_INT8,NPU_INT8,NPU_INT32,122,116,8,1,1,16,2,2,0,1347,0.672404
NPU_INT8,NPU_INT8,NPU_INT32,122,120,16,1,1,16,2,2,0,1681,1.114765
NPU_INT8,NPU_INT8,NPU_INT32,128,128,16,1,1,64,2,2,0,5013,1.673371
NPU_INT8,NPU_INT8,NPU_INT32,112,104,32,1,1,64,2,2,0,5085,2.345635
NPU_INT8,NPU_INT8,NPU_INT32,112,112,8,1,1,8,2,2,0,811,0.494954
NPU_INT8,NPU_INT8,NPU_INT32,224,224,8,1,1,8,2,2,0,3156,0.508755
NPU_INT8,NPU_INT8,NPU_INT32,6,8,256,3,3,8,2,2,0,181,1.222011
NPU_INT8,NPU_INT8,NPU_INT32,8,8,16,3,3,16,2,2,0,49,0.846367
NPU_INT8,NPU_INT8,NPU_INT32,4,6,512,3,3,16,2,2,0,530,0.556438
NPU_INT8,NPU_INT8,NPU_INT32,6,8,32,3,3,32,2,2,0,79,1.399899
NPU_INT8,NPU_INT8,NPU_INT32,4,6,8,3,3,64,2,2,0,48,0.384
NPU_INT8,NPU_INT8,NPU_INT32,6,8,64,3,3,64,2,2,0,193,2.292062
NPU_INT8,NPU_INT8,NPU_INT32,8,8,256,3,3,64,2,2,0,970,2.736297
NPU_INT8,NPU_INT8,NPU_INT32,6,8,64,3,3,128,2,2,0,328,2.697366
NPU_INT8,NPU_INT8,NPU_INT32,8,8,512,3,3,128,2,2,0,8787,1.208243
NPU_INT8,NPU_INT8,NPU_INT32,4,4,64,3,3,256,2,2,0,571,0.516483
NPU_INT8,NPU_INT8,NPU_INT32,6,6,128,3,3,256,2,2,0,1318,1.790058
NPU_INT8,NPU_INT8,NPU_INT32,8,8,256,3,3,256,2,2,0,3741,2.837966
NPU_INT8,NPU_INT8,NPU_INT32,10,16,8,3,3,8,2,2,0,44,0.733091
NPU_INT8,NPU_INT8,NPU_INT32,10,16,16,3,3,8,2,2,0,50,1.29024
NPU_INT8,NPU_INT8,NPU_INT32,10,16,32,3,3,8,2,2,0,68,1.897412
NPU_INT8,NPU_INT8,NPU_INT32,16,20,64,3,3,8,2,2,0,150,3.87072
NPU_INT8,NPU_INT8,NPU_INT32,16,20,128,3,3,8,2,2,0,264,4.398546
NPU_INT8,NPU_INT8,NPU_INT32,16,20,256,3,3,8,2,2,0,1259,1.844664
NPU_INT8,NPU_INT8,NPU_INT32,16,20,512,3,3,8,2,2,0,8501,0.54639
NPU_INT8,NPU_INT8,NPU_INT32,16,20,8,3,3,16,2,2,0,61,2.379541
NPU_INT8,NPU_INT8,NPU_INT32,16,20,16,3,3,16,2,2,0,80,3.6288
NPU_INT8,NPU_INT8,NPU_INT32,16,20,32,3,3,16,2,2,0,117,4.962461
NPU_INT8,NPU_INT8,NPU_INT32,16,20,64,3,3,16,2,2,0,193,6.016664
NPU_INT8,NPU_INT8,NPU_INT32,18,22,128,3,3,16,2,2,0,474,6.221772
NPU_INT8,NPU_INT8,NPU_INT32,18,22,256,3,3,16,2,2,0,1459,4.042659
NPU_INT8,NPU_INT8,NPU_INT32,20,24,512,3,3,16,2,2,0,26078,0.559788
NPU_INT8,NPU_INT8,NPU_INT32,20,24,8,3,3,32,2,2,0,107,4.263477
NPU_INT8,NPU_INT8,NPU_INT32,20,24,16,3,3,32,2,2,0,144,6.336
NPU_INT8,NPU_INT8,NPU_INT32,20,24,32,3,3,32,2,2,0,221,8.256869
NPU_INT8,NPU_INT8,NPU_INT32,20,24,64,3,3,32,2,2,0,355,10.280383
NPU_INT8,NPU_INT8,NPU_INT32,20,24,128,3,3,32,2,2,0,998,7.3137
NPU_INT8,NPU_INT8,NPU_INT32,10,16,256,3,3,32,2,2,0,1036,3.985297
NPU_INT8,NPU_INT8,NPU_INT32,10,16,512,3,3,32,2,2,0,9330,0.885052
NPU_INT8,NPU_INT8,NPU_INT32,10,16,8,3,3,64,2,2,0,84,3.072
NPU_INT8,NPU_INT8,NPU_INT32,16,20,16,3,3,64,2,2,0,173,6.712232
NPU_INT8,NPU_INT8,NPU_INT32,16,20,32,3,3,64,2,2,0,265,8.763895
NPU_INT8,NPU_INT8,NPU_INT32,16,20,64,3,3,64,2,2,0,394,11.788996
NPU_INT8,NPU_INT8,NPU_INT32,16,20,128,3,3,64,2,2,0,1648,5.636971
NPU_INT8,NPU_INT8,NPU_INT32,16,20,256,3,3,64,2,2,0,9424,1.971504
NPU_INT8,NPU_INT8,NPU_INT32,16,20,512,3,3,64,2,2,0,66775,0.556479
NPU_INT8,NPU_INT8,NPU_INT32,16,20,8,3,3,128,2,2,0,210,5.5296
NPU_INT8,NPU_INT8,NPU_INT32,18,22,16,3,3,128,2,2,0,308,9.575066
NPU_INT8,NPU_INT8,NPU_INT32,18,22,32,3,3,128,2,2,0,435,13.559174
NPU_INT8,NPU_INT8,NPU_INT32,20,24,64,3,3,128,2,2,0,1103,13.234945
NPU_INT8,NPU_INT8,NPU_INT32,20,24,128,3,3,128,2,2,0,3836,7.611129
NPU_INT8,NPU_INT8,NPU_INT32,20,24,256,3,3,128,2,2,0,18775,3.110124
NPU_INT8,NPU_INT8,NPU_INT32,20,24,512,3,3,128,2,2,0,208397,0.560398
NPU_INT8,NPU_INT8,NPU_INT32,20,24,8,3,3,256,2,2,0,454,8.038626
NPU_INT8,NPU_INT8,NPU_INT32,20,24,16,3,3,256,2,2,0,593,12.308722
NPU_INT8,NPU_INT8,NPU_INT32,20,24,32,3,3,256,2,2,0,887,16.457886
NPU_INT8,NPU_INT8,NPU_INT32,10,14,64,3,3,256,2,2,0,805,8.792407
NPU_INT8,NPU_INT8,NPU_INT32,10,14,128,3,3,256,2,2,0,2058,6.878414
NPU_INT8,NPU_INT8,NPU_INT32,10,14,256,3,3,256,2,2,0,7496,3.776888
NPU_INT8,NPU_INT8,NPU_INT32,14,20,512,3,3,256,2,2,0,229235,0.55577
NPU_INT8,NPU_INT8,NPU_INT32,26,32,128,3,3,128,2,2,0,6204,8.55644
NPU_INT8,NPU_INT8,NPU_INT32,26,32,256,3,3,128,2,2,0,29563,3.591257
NPU_INT8,NPU_INT8,NPU_INT32,26,32,512,3,3,128,2,2,0,143022,1.484643
NPU_INT8,NPU_INT8,NPU_INT32,26,32,512,3,3,256,2,2,0,286022,1.484757
NPU_INT8,NPU_INT8,NPU_INT32,28,32,128,3,3,256,2,2,0,14769,7.787642
NPU_INT8,NPU_INT8,NPU_INT32,28,32,256,3,3,256,2,2,0,71686,3.208874
NPU_INT8,NPU_INT8,NPU_INT32,36,42,64,3,3,8,2,2,0,570,5.497263
NPU_INT8,NPU_INT8,NPU_INT32,36,42,256,3,3,16,2,2,0,6479,3.869041
NPU_INT8,NPU_INT8,NPU_INT32,36,42,256,3,3,8,2,2,0,3317,3.778643
NPU_INT8,NPU_INT8,NPU_INT32,42,46,512,3,3,64,2,2,0,151255,1.715795
NPU_INT8,NPU_INT8,NPU_INT32,46,52,512,3,3,8,2,2,0,43694,0.928054
NPU_INT8,NPU_INT8,NPU_INT32,56,64,16,3,3,256,2,2,0,5140,12.005902
NPU_INT8,NPU_INT8,NPU_INT32,56,64,512,3,3,16,2,2,0,118976,1.037358
NPU_INT8,NPU_INT8,NPU_INT32,56,64,32,3,3,256,2,2,0,11874,10.394195
NPU_INT8,NPU_INT8,NPU_INT32,64,66,64,3,3,256,2,2,0,24810,11.791725
NPU_INT8,NPU_INT8,NPU_INT32,64,66,256,3,3,64,2,2,0,105833,2.764286
NPU_INT8,NPU_INT8,NPU_INT32,68,76,128,3,3,32,2,2,0,14671,6.136044
NPU_INT8,NPU_INT8,NPU_INT32,68,76,256,3,3,32,2,2,0,66656,2.701089
NPU_INT8,NPU_INT8,NPU_INT32,68,76,512,3,3,32,2,2,0,637792,0.564585
NPU_INT8,NPU_INT8,NPU_INT32,68,76,8,3,3,64,2,2,0,1423,7.907756
NPU_INT8,NPU_INT8,NPU_INT32,78,82,64,3,3,64,2,2,0,7289,15.374752
NPU_INT8,NPU_INT8,NPU_INT32,78,82,128,3,3,64,2,2,0,22409,10.001925
NPU_INT8,NPU_INT8,NPU_INT32,78,82,8,3,3,256,2,2,0,6428,8.717063
NPU_INT8,NPU_INT8,NPU_INT32,78,82,8,3,3,8,2,2,0,453,3.86543
NPU_INT8,NPU_INT8,NPU_INT32,78,82,32,3,3,128,2,2,0,7718,14.520155
NPU_INT8,NPU_INT8,NPU_INT32,84,90,64,3,3,128,2,2,0,20557,12.940147
NPU_INT8,NPU_INT8,NPU_INT32,84,90,64,3,3,32,2,2,0,5175,12.850756
NPU_INT8,NPU_INT8,NPU_INT32,84,90,128,3,3,8,2,2,0,6401,5.194708
NPU_INT8,NPU_INT8,NPU_INT32,84,90,32,3,3,32,2,2,0,2875,11.56568
NPU_INT8,NPU_INT8,NPU_INT32,84,90,8,3,3,128,2,2,0,4249,7.825684
NPU_INT8,NPU_INT8,NPU_INT32,92,98,16,3,3,128,2,2,0,4998,15.93162
NPU_INT8,NPU_INT8,NPU_INT32,92,98,128,3,3,16,2,2,0,13341,5.968535
NPU_INT8,NPU_INT8,NPU_INT32,92,98,64,3,3,16,2,2,0,5494,7.246654
NPU_INT8,NPU_INT8,NPU_INT32,92,98,8,3,3,32,2,2,0,1370,7.265167
NPU_INT8,NPU_INT8,NPU_INT32,106,102,16,3,3,32,2,2,0,1965,12.194199
NPU_INT8,NPU_INT8,NPU_INT32,106,108,16,3,3,8,2,2,0,1227,5.175081
NPU_INT8,NPU_INT8,NPU_INT32,114,108,32,3,3,8,2,2,0,2090,6.543801
NPU_INT8,NPU_INT8,NPU_INT32,114,112,32,3,3,16,2,2,0,2448,11.595295
NPU_INT8,NPU_INT8,NPU_INT32,122,116,8,3,3,16,2,2,0,1316,5.987598
NPU_INT8,NPU_INT8,NPU_INT32,122,120,16,3,3,16,2,2,0,1798,9.072481
NPU_INT8,NPU_INT8,NPU_INT32,128,128,16,3,3,64,2,2,0,5582,13.105806
NPU_INT8,NPU_INT8,NPU_INT32,112,104,32,3,3,64,2,2,0,5945,17.393358
NPU_INT8,NPU_INT8,NPU_INT32,112,112,8,3,3,8,2,2,0,971,3.588877
NPU_INT8,NPU_INT8,NPU_INT32,224,224,8,3,3,8,2,2,0,3543,4.006151
NPU_INT8,NPU_INT8,NPU_INT32,2,2,8,5,5,8,2,2,0,39,0.082051
NPU_INT8,NPU_INT8,NPU_INT32,6,8,256,5,5,8,2,2,0,287,0.713589
NPU_INT8,NPU_INT8,NPU_INT32,8,8,16,5,5,16,2,2,0,61,0.839344
NPU_INT8,NPU_INT8,NPU_INT32,6,8,32,5,5,32,2,2,0,128,0.8
NPU_INT8,NPU_INT8,NPU_INT32,2,2,128,5,5,32,2,2,0,412,0.497087
NPU_INT8,NPU_INT8,NPU_INT32,6,8,64,5,5,64,2,2,0,410,0.999024
NPU_INT8,NPU_INT8,NPU_INT32,8,8,256,5,5,64,2,2,0,2393,1.369327
NPU_INT8,NPU_INT8,NPU_INT32,6,8,64,5,5,128,2,2,0,850,0.963765
NPU_INT8,NPU_INT8,NPU_INT32,8,8,512,5,5,128,2,2,0,9032,1.451196
NPU_INT8,NPU_INT8,NPU_INT32,2,2,16,5,5,256,2,2,0,379,0.540369
NPU_INT8,NPU_INT8,NPU_INT32,6,6,128,5,5,256,2,2,0,4231,0.387237
NPU_INT8,NPU_INT8,NPU_INT32,8,8,256,5,5,256,2,2,0,9512,1.377965
NPU_INT8,NPU_INT8,NPU_INT32,10,16,8,5,5,8,2,2,0,47,1.225532
NPU_INT8,NPU_INT8,NPU_INT32,10,16,16,5,5,8,2,2,0,58,1.986207
NPU_INT8,NPU_INT8,NPU_INT32,10,16,32,5,5,8,2,2,0,84,2.742857
NPU_INT8,NPU_INT8,NPU_INT32,16,20,64,5,5,8,2,2,0,200,6.144
NPU_INT8,NPU_INT8,NPU_INT32,16,20,128,5,5,8,2,2,0,475,5.173895
NPU_INT8,NPU_INT8,NPU_INT32,16,20,256,5,5,8,2,2,0,861,5.708711
NPU_INT8,NPU_INT8,NPU_INT32,16,20,512,5,5,8,2,2,0,1251,7.858034
NPU_INT8,NPU_INT8,NPU_INT32,16,20,8,5,5,16,2,2,0,73,4.20822
NPU_INT8,NPU_INT8,NPU_INT32,16,20,16,5,5,16,2,2,0,104,5.907693
NPU_INT8,NPU_INT8,NPU_INT32,16,20,32,5,5,16,2,2,0,167,7.358084
NPU_INT8,NPU_INT8,NPU_INT32,16,20,64,5,5,16,2,2,0,295,8.330848
NPU_INT8,NPU_INT8,NPU_INT32,18,22,128,5,5,16,2,2,0,980,6.582857
NPU_INT8,NPU_INT8,NPU_INT32,18,22,256,5,5,16,2,2,0,2955,4.366294
NPU_INT8,NPU_INT8,NPU_INT32,20,24,512,5,5,16,2,2,0,3470,9.443228
NPU_INT8,NPU_INT8,NPU_INT32,20,24,8,5,5,32,2,2,0,136,7.529411
NPU_INT8,NPU_INT8,NPU_INT32,20,24,16,5,5,32,2,2,0,209,9.799044
NPU_INT8,NPU_INT8,NPU_INT32,20,24,32,5,5,32,2,2,0,355,11.538029
NPU_INT8,NPU_INT8,NPU_INT32,20,24,64,5,5,32,2,2,0,752,10.893618
NPU_INT8,NPU_INT8,NPU_INT32,20,24,128,5,5,32,2,2,0,2077,7.888301
NPU_INT8,NPU_INT8,NPU_INT32,10,16,256,5,5,32,2,2,0,1709,4.314102
NPU_INT8,NPU_INT8,NPU_INT32,10,16,512,5,5,32,2,2,0,3053,4.829872
NPU_INT8,NPU_INT8,NPU_INT32,10,16,8,5,5,64,2,2,0,112,4.114285
NPU_INT8,NPU_INT8,NPU_INT32,16,20,16,5,5,64,2,2,0,264,9.309092
NPU_INT8,NPU_INT8,NPU_INT32,16,20,32,5,5,64,2,2,0,385,12.766754
NPU_INT8,NPU_INT8,NPU_INT32,16,20,64,5,5,64,2,2,0,810,12.136297
NPU_INT8,NPU_INT8,NPU_INT32,16,20,128,5,5,64,2,2,0,2708,7.260266
NPU_INT8,NPU_INT8,NPU_INT32,16,20,256,5,5,64,2,2,0,7980,4.927519
NPU_INT8,NPU_INT8,NPU_INT32,16,20,512,5,5,64,2,2,0,9338,8.421846
NPU_INT8,NPU_INT8,NPU_INT32,16,20,8,5,5,128,2,2,0,292,8.416439
NPU_INT8,NPU_INT8,NPU_INT32,18,22,16,5,5,128,2,2,0,450,14.336
NPU_INT8,NPU_INT8,NPU_INT32,18,22,32,5,5,128,2,2,0,735,17.554287
NPU_INT8,NPU_INT8,NPU_INT32,20,24,64,5,5,128,2,2,0,2728,12.01173
NPU_INT8,NPU_INT8,NPU_INT32,20,24,128,5,5,128,2,2,0,8125,8.065969
NPU_INT8,NPU_INT8,NPU_INT32,20,24,256,5,5,128,2,2,0,28468,4.604187
NPU_INT8,NPU_INT8,NPU_INT32,20,24,512,5,5,128,2,2,0,29321,8.940487
NPU_INT8,NPU_INT8,NPU_INT32,20,24,8,5,5,256,2,2,0,552,14.84058
NPU_INT8,NPU_INT8,NPU_INT32,20,24,16,5,5,256,2,2,0,853,19.207504
NPU_INT8,NPU_INT8,NPU_INT32,20,24,32,5,5,256,2,2,0,1556,21.059128
NPU_INT8,NPU_INT8,NPU_INT32,10,14,64,5,5,256,2,2,0,1923,6.390016
NPU_INT8,NPU_INT8,NPU_INT32,10,14,128,5,5,256,2,2,0,5591,4.395636
NPU_INT8,NPU_INT8,NPU_INT32,10,14,256,5,5,256,2,2,0,12764,3.850831
NPU_INT8,NPU_INT8,NPU_INT32,14,20,512,5,5,256,2,2,0,33756,7.765849
NPU_INT8,NPU_INT8,NPU_INT32,26,32,128,5,5,128,2,2,0,21997,5.735182
NPU_INT8,NPU_INT8,NPU_INT32,26,32,256,5,5,128,2,2,0,88178,2.861412
NPU_INT8,NPU_INT8,NPU_INT32,26,32,512,5,5,128,2,2,0,51900,9.723067
NPU_INT8,NPU_INT8,NPU_INT32,26,32,512,5,5,256,2,2,0,103700,9.732444
NPU_INT8,NPU_INT8,NPU_INT32,28,32,128,5,5,256,2,2,0,38499,7.149568
NPU_INT8,NPU_INT8,NPU_INT32,28,32,256,5,5,256,2,2,0,142311,3.868305
NPU_INT8,NPU_INT8,NPU_INT32,36,42,64,5,5,8,2,2,0,717,10.854115
NPU_INT8,NPU_INT8,NPU_INT32,36,42,256,5,5,16,2,2,0,11415,5.454157
NPU_INT8,NPU_INT8,NPU_INT32,36,42,256,5,5,8,2,2,0,4301,7.237759
NPU_INT8,NPU_INT8,NPU_INT32,42,46,512,5,5,64,2,2,0,81006,8.07004
NPU_INT8,NPU_INT8,NPU_INT32,46,52,512,5,5,8,2,2,0,12510,8.250936
NPU_INT8,NPU_INT8,NPU_INT32,56,64,16,5,5,256,2,2,0,6789,23.529827
NPU_INT8,NPU_INT8,NPU_INT32,56,64,512,5,5,16,2,2,0,35731,8.94148
NPU_INT8,NPU_INT8,NPU_INT32,56,64,32,5,5,256,2,2,0,19080,16.744654
NPU_INT8,NPU_INT8,NPU_INT32,64,66,64,5,5,256,2,2,0,53270,14.301783
NPU_INT8,NPU_INT8,NPU_INT32,64,66,256,5,5,64,2,2,0,171209,4.44986
NPU_INT8,NPU_INT8,NPU_INT32,68,76,128,5,5,32,2,2,0,21934,10.756342
NPU_INT8,NPU_INT8,NPU_INT32,68,76,256,5,5,32,2,2,0,83406,5.657377
NPU_INT8,NPU_INT8,NPU_INT32,68,76,512,5,5,32,2,2,0,102634,9.194987
NPU_INT8,NPU_INT8,NPU_INT32,68,76,8,5,5,64,2,2,0,2217,13.3023
NPU_INT8,NPU_INT8,NPU_INT32,78,82,64,5,5,64,2,2,0,21085,14.015953
NPU_INT8,NPU_INT8,NPU_INT32,78,82,128,5,5,64,2,2,0,87639,6.744175
NPU_INT8,NPU_INT8,NPU_INT32,78,82,8,5,5,256,2,2,0,8095,18.253635
NPU_INT8,NPU_INT8,NPU_INT32,78,82,8,5,5,8,2,2,0,580,7.961379
NPU_INT8,NPU_INT8,NPU_INT32,78,82,32,5,5,128,2,2,0,13836,21.359234
NPU_INT8,NPU_INT8,NPU_INT32,84,90,64,5,5,128,2,2,0,44997,15.656866
NPU_INT8,NPU_INT8,NPU_INT32,84,90,64,5,5,32,2,2,0,11284,15.60865
NPU_INT8,NPU_INT8,NPU_INT32,84,90,128,5,5,8,2,2,0,8799,10.00841
NPU_INT8,NPU_INT8,NPU_INT32,84,90,32,5,5,32,2,2,0,5486,16.052498
NPU_INT8,NPU_INT8,NPU_INT32,84,90,8,5,5,128,2,2,0,5007,17.588177
NPU_INT8,NPU_INT8,NPU_INT32,92,98,16,5,5,128,2,2,0,10558,20.057131
NPU_INT8,NPU_INT8,NPU_INT32,92,98,128,5,5,16,2,2,0,21256,9.962514
NPU_INT8,NPU_INT8,NPU_INT32,92,98,64,5,5,16,2,2,0,5243,20.194849
NPU_INT8,NPU_INT8,NPU_INT32,92,98,8,5,5,32,2,2,0,1511,17.518463
NPU_INT8,NPU_INT8,NPU_INT32,106,102,16,5,5,32,2,2,0,2931,21.826817
NPU_INT8,NPU_INT8,NPU_INT32,106,108,16,5,5,8,2,2,0,1276,13.301567
NPU_INT8,NPU_INT8,NPU_INT32,114,108,32,5,5,8,2,2,0,2231,16.408785
NPU_INT8,NPU_INT8,NPU_INT32,114,112,32,5,5,16,2,2,0,3685,20.632835
NPU_INT8,NPU_INT8,NPU_INT32,122,116,8,5,5,16,2,2,0,1320,16.019396
NPU_INT8,NPU_INT8,NPU_INT32,122,120,16,5,5,16,2,2,0,2279,19.219658
NPU_INT8,NPU_INT8,NPU_INT32,128,128,16,5,5,64,2,2,0,9343,21.065269
NPU_INT8,NPU_INT8,NPU_INT32,112,104,32,5,5,64,2,2,0,12805,21.591564
NPU_INT8,NPU_INT8,NPU_INT32,112,112,8,5,5,8,2,2,0,1013,9.211451
NPU_INT8,NPU_INT8,NPU_INT32,224,224,8,5,5,8,2,2,0,3730,10.380697
NPU_INT8,NPU_INT8,NPU_INT32,2,2,8,1,1,8,1,1,1,42,0.01219
NPU_INT8,NPU_INT8,NPU_INT32,2,4,64,1,1,8,1,1,1,44,0.186182
NPU_INT8,NPU_INT8,NPU_INT32,6,8,256,1,1,8,1,1,1,104,1.890461
NPU_INT8,NPU_INT8,NPU_INT32,8,8,16,1,1,16,1,1,1,86,0.381023
NPU_INT8,NPU_INT8,NPU_INT32,2,4,128,1,1,16,1,1,1,54,0.606815
NPU_INT8,NPU_INT8,NPU_INT32,4,6,512,1,1,16,1,1,1,133,2.956511
NPU_INT8,NPU_INT8,NPU_INT32,6,8,32,1,1,32,1,1,1,113,0.869947
NPU_INT8,NPU_INT8,NPU_INT32,2,2,128,1,1,32,1,1,1,60,0.546133
NPU_INT8,NPU_INT8,NPU_INT32,2,4,512,1,1,32,1,1,1,125,2.097152
NPU_INT8,NPU_INT8,NPU_INT32,4,6,8,1,1,64,1,1,1,110,0.223418
NPU_INT8,NPU_INT8,NPU_INT32,6,8,64,1,1,64,1,1,1,205,1.918127
NPU_INT8,NPU_INT8,NPU_INT32,8,8,256,1,1,64,1,1,1,390,5.377313
NPU_INT8,NPU_INT8,NPU_INT32,2,4,8,1,1,128,1,1,1,99,0.165495
NPU_INT8,NPU_INT8,NPU_INT32,6,8,64,1,1,128,1,1,1,366,2.148721
NPU_INT8,NPU_INT8,NPU_INT32,8,8,512,1,1,128,1,1,1,1254,6.68948
NPU_INT8,NPU_INT8,NPU_INT32,2,2,16,1,1,256,1,1,1,131,0.250137
NPU_INT8,NPU_INT8,NPU_INT32,4,4,64,1,1,256,1,1,1,305,1.718977
NPU_INT8,NPU_INT8,NPU_INT32,6,6,128,1,1,256,1,1,1,595,3.965203
NPU_INT8,NPU_INT8,NPU_INT32,8,8,256,1,1,256,1,1,1,1160,7.231558
NPU_INT8,NPU_INT8,NPU_INT32,10,16,8,1,1,8,1,1,1,95,0.215579
NPU_INT8,NPU_INT8,NPU_INT32,10,16,16,1,1,8,1,1,1,98,0.417959
NPU_INT8,NPU_INT8,NPU_INT32,10,16,32,1,1,8,1,1,1,108,0.758518
NPU_INT8,NPU_INT8,NPU_INT32,16,20,64,1,1,8,1,1,1,277,1.18296
NPU_INT8,NPU_INT8,NPU_INT32,16,20,128,1,1,8,1,1,1,392,1.671837
NPU_INT8,NPU_INT8,NPU_INT32,16,20,256,1,1,8,1,1,1,625,2.097152
NPU_INT8,NPU_INT8,NPU_INT32,16,20,512,1,1,8,1,1,1,1263,2.075566
NPU_INT8,NPU_INT8,NPU_INT32,16,20,8,1,1,16,1,1,1,284,0.288451
NPU_INT8,NPU_INT8,NPU_INT32,16,20,16,1,1,16,1,1,1,298,0.549799
NPU_INT8,NPU_INT8,NPU_INT32,16,20,32,1,1,16,1,1,1,328,0.999024
NPU_INT8,NPU_INT8,NPU_INT32,16,20,64,1,1,16,1,1,1,387,1.693437
NPU_INT8,NPU_INT8,NPU_INT32,18,22,128,1,1,16,1,1,1,590,2.74918
NPU_INT8,NPU_INT8,NPU_INT32,18,22,256,1,1,16,1,1,1,968,3.351273
NPU_INT8,NPU_INT8,NPU_INT32,20,24,512,1,1,16,1,1,1,2567,3.063623
NPU_INT8,NPU_INT8,NPU_INT32,20,24,8,1,1,32,1,1,1,708,0.347119
NPU_INT8,NPU_INT8,NPU_INT32,20,24,16,1,1,32,1,1,1,728,0.675165
NPU_INT8,NPU_INT8,NPU_INT32,20,24,32,1,1,32,1,1,1,765,1.28502
NPU_INT8,NPU_INT8,NPU_INT32,20,24,64,1,1,32,1,1,1,846,2.323972
NPU_INT8,NPU_INT8,NPU_INT32,20,24,128,1,1,32,1,1,1,1318,2.98343
NPU_INT8,NPU_INT8,NPU_INT32,10,16,256,1,1,32,1,1,1,815,3.216491
NPU_INT8,NPU_INT8,NPU_INT32,10,16,512,1,1,32,1,1,1,2638,1.987445
NPU_INT8,NPU_INT8,NPU_INT32,10,16,8,1,1,64,1,1,1,472,0.347119
NPU_INT8,NPU_INT8,NPU_INT32,16,20,16,1,1,64,1,1,1,948,0.691308
NPU_INT8,NPU_INT8,NPU_INT32,16,20,32,1,1,64,1,1,1,979,1.338835
NPU_INT8,NPU_INT8,NPU_INT32,16,20,64,1,1,64,1,1,1,1177,2.227222
NPU_INT8,NPU_INT8,NPU_INT32,16,20,128,1,1,64,1,1,1,1407,3.726283
NPU_INT8,NPU_INT8,NPU_INT32,16,20,256,1,1,64,1,1,1,4769,2.198733
NPU_INT8,NPU_INT8,NPU_INT32,16,20,512,1,1,64,1,1,1,9835,2.132335
NPU_INT8,NPU_INT8,NPU_INT32,16,20,8,1,1,128,1,1,1,1836,0.35695
NPU_INT8,NPU_INT8,NPU_INT32,18,22,16,1,1,128,1,1,1,2331,0.695846
NPU_INT8,NPU_INT8,NPU_INT32,18,22,32,1,1,128,1,1,1,2438,1.330612
NPU_INT8,NPU_INT8,NPU_INT32,20,24,64,1,1,128,1,1,1,3284,2.394738
NPU_INT8,NPU_INT8,NPU_INT32,20,24,128,1,1,128,1,1,1,5208,3.020092
NPU_INT8,NPU_INT8,NPU_INT32,20,24,256,1,1,128,1,1,1,7018,4.482371
NPU_INT8,NPU_INT8,NPU_INT32,20,24,512,1,1,128,1,1,1,15874,3.963372
NPU_INT8,NPU_INT8,NPU_INT32,20,24,8,1,1,256,1,1,1,5374,0.36585
NPU_INT8,NPU_INT8,NPU_INT32,20,24,16,1,1,256,1,1,1,5489,0.716371
NPU_INT8,NPU_INT8,NPU_INT32,20,24,32,1,1,256,1,1,1,5831,1.348709
NPU_INT8,NPU_INT8,NPU_INT32,10,14,64,1,1,256,1,1,1,1695,2.706501
NPU_INT8,NPU_INT8,NPU_INT32,10,14,128,1,1,256,1,1,1,1988,4.615211
NPU_INT8,NPU_INT8,NPU_INT32,10,14,256,1,1,256,1,1,1,3656,5.019168
NPU_INT8,NPU_INT8,NPU_INT32,14,20,512,1,1,256,1,1,1,19675,3.730639
NPU_INT8,NPU_INT8,NPU_INT32,26,32,128,1,1,128,1,1,1,7657,3.56053
NPU_INT8,NPU_INT8,NPU_INT32,26,32,256,1,1,128,1,1,1,10493,5.196412
NPU_INT8,NPU_INT8,NPU_INT32,26,32,512,1,1,128,1,1,1,20492,5.321682
NPU_INT8,NPU_INT8,NPU_INT32,26,32,512,1,1,256,1,1,1,40963,5.32441
NPU_INT8,NPU_INT8,NPU_INT32,28,32,128,1,1,256,1,1,1,18630,3.151919
NPU_INT8,NPU_INT8,NPU_INT32,28,32,256,1,1,256,1,1,1,22312,5.263558
NPU_INT8,NPU_INT8,NPU_INT32,36,42,64,1,1,8,1,1,1,1238,1.250637
NPU_INT8,NPU_INT8,NPU_INT32,36,42,256,1,1,16,1,1,1,4003,3.094255
NPU_INT8,NPU_INT8,NPU_INT32,36,42,256,1,1,8,1,1,1,3472,1.783742
NPU_INT8,NPU_INT8,NPU_INT32,42,46,512,1,1,64,1,1,1,31952,3.96268
NPU_INT8,NPU_INT8,NPU_INT32,46,52,512,1,1,8,1,1,1,12203,1.605774
NPU_INT8,NPU_INT8,NPU_INT32,56,64,16,1,1,256,1,1,1,40163,0.731024
NPU_INT8,NPU_INT8,NPU_INT32,56,64,512,1,1,16,1,1,1,17248,3.404468
NPU_INT8,NPU_INT8,NPU_INT32,56,64,32,1,1,256,1,1,1,41713,1.407721
NPU_INT8,NPU_INT8,NPU_INT32,64,66,64,1,1,256,1,1,1,53044,2.609382
NPU_INT8,NPU_INT8,NPU_INT32,64,66,256,1,1,64,1,1,1,30627,4.519281
NPU_INT8,NPU_INT8,NPU_INT32,68,76,128,1,1,32,1,1,1,11377,3.721215
NPU_INT8,NPU_INT8,NPU_INT32,68,76,256,1,1,32,1,1,1,23731,3.568013
NPU_INT8,NPU_INT8,NPU_INT32,68,76,512,1,1,32,1,1,1,47705,3.549838
NPU_INT8,NPU_INT8,NPU_INT32,68,76,8,1,1,64,1,1,1,14575,0.36309
NPU_INT8,NPU_INT8,NPU_INT32,78,82,64,1,1,64,1,1,1,23068,2.271373
NPU_INT8,NPU_INT8,NPU_INT32,78,82,128,1,1,64,1,1,1,33138,3.162293
NPU_INT8,NPU_INT8,NPU_INT32,78,82,8,1,1,256,1,1,1,72972,0.359015
NPU_INT8,NPU_INT8,NPU_INT32,78,82,8,1,1,8,1,1,1,3019,0.271179
NPU_INT8,NPU_INT8,NPU_INT32,78,82,32,1,1,128,1,1,1,39547,1.324905
NPU_INT8,NPU_INT8,NPU_INT32,84,90,64,1,1,128,1,1,1,52229,2.371538
NPU_INT8,NPU_INT8,NPU_INT32,84,90,64,1,1,32,1,1,1,13056,2.371765
NPU_INT8,NPU_INT8,NPU_INT32,84,90,128,1,1,8,1,1,1,8088,1.914303
NPU_INT8,NPU_INT8,NPU_INT32,84,90,32,1,1,32,1,1,1,11769,1.315565
NPU_INT8,NPU_INT8,NPU_INT32,84,90,8,1,1,128,1,1,1,42488,0.364406
NPU_INT8,NPU_INT8,NPU_INT32,92,98,16,1,1,128,1,1,1,52088,0.708984
NPU_INT8,NPU_INT8,NPU_INT32,92,98,128,1,1,16,1,1,1,13667,2.702096
NPU_INT8,NPU_INT8,NPU_INT32,92,98,64,1,1,16,1,1,1,10364,1.781626
NPU_INT8,NPU_INT8,NPU_INT32,92,98,8,1,1,32,1,1,1,13502,0.34189
NPU_INT8,NPU_INT8,NPU_INT32,106,102,16,1,1,32,1,1,1,16344,0.677404
NPU_INT8,NPU_INT8,NPU_INT32,106,108,16,1,1,8,1,1,1,5767,0.508182
NPU_INT8,NPU_INT8,NPU_INT32,114,108,32,1,1,8,1,1,1,7133,0.883744
NPU_INT8,NPU_INT8,NPU_INT32,114,112,32,1,1,16,1,1,1,11264,1.160727
NPU_INT8,NPU_INT8,NPU_INT32,122,116,8,1,1,16,1,1,1,10886,0.332805
NPU_INT8,NPU_INT8,NPU_INT32,122,120,16,1,1,16,1,1,1,11552,0.648864
NPU_INT8,NPU_INT8,NPU_INT32,128,128,16,1,1,64,1,1,1,46538,0.721011
NPU_INT8,NPU_INT8,NPU_INT32,112,104,32,1,1,64,1,1,1,35863,1.330346
NPU_INT8,NPU_INT8,NPU_INT32,112,112,8,1,1,8,1,1,1,5399,0.297394
NPU_INT8,NPU_INT8,NPU_INT32,224,224,8,1,1,8,1,1,1,21496,0.298778
NPU_INT8,NPU_INT8,NPU_INT32,6,8,256,3,3,8,1,1,1,173,5.114081
NPU_INT8,NPU_INT8,NPU_INT32,8,8,16,3,3,16,1,1,1,79,2.099848
NPU_INT8,NPU_INT8,NPU_INT32,4,6,512,3,3,16,1,1,1,375,3.145728
NPU_INT8,NPU_INT8,NPU_INT32,6,8,32,3,3,32,1,1,1,121,3.655934
NPU_INT8,NPU_INT8,NPU_INT32,4,6,8,3,3,64,1,1,1,78,0.945231
NPU_INT8,NPU_INT8,NPU_INT32,6,8,64,3,3,64,1,1,1,301,5.878644
NPU_INT8,NPU_INT8,NPU_INT32,8,8,256,3,3,64,1,1,1,1132,9.378827
NPU_INT8,NPU_INT8,NPU_INT32,6,8,64,3,3,128,1,1,1,427,8.287925
NPU_INT8,NPU_INT8,NPU_INT32,8,8,512,3,3,128,1,1,1,13150,3.229455
NPU_INT8,NPU_INT8,NPU_INT32,4,4,64,3,3,256,1,1,1,610,1.933849
NPU_INT8,NPU_INT8,NPU_INT32,6,6,128,3,3,256,1,1,1,1375,6.863406
NPU_INT8,NPU_INT8,NPU_INT32,8,8,256,3,3,256,1,1,1,4344,9.776089
NPU_INT8,NPU_INT8,NPU_INT32,10,16,8,3,3,8,1,1,1,84,1.536
NPU_INT8,NPU_INT8,NPU_INT32,10,16,16,3,3,8,1,1,1,95,2.716295
NPU_INT8,NPU_INT8,NPU_INT32,10,16,32,3,3,8,1,1,1,116,4.449103
NPU_INT8,NPU_INT8,NPU_INT32,16,20,64,3,3,8,1,1,1,285,8.148885
NPU_INT8,NPU_INT8,NPU_INT32,16,20,128,3,3,8,1,1,1,473,9.820009
NPU_INT8,NPU_INT8,NPU_INT32,16,20,256,3,3,8,1,1,1,940,9.88269
NPU_INT8,NPU_INT8,NPU_INT32,16,20,512,3,3,8,1,1,1,4693,3.958972
NPU_INT8,NPU_INT8,NPU_INT32,16,20,8,3,3,16,1,1,1,237,2.449823
NPU_INT8,NPU_INT8,NPU_INT32,16,20,16,3,3,16,1,1,1,268,4.332896
NPU_INT8,NPU_INT8,NPU_INT32,16,20,32,3,3,16,1,1,1,336,6.912001
NPU_INT8,NPU_INT8,NPU_INT32,16,20,64,3,3,16,1,1,1,474,9.799292
NPU_INT8,NPU_INT8,NPU_INT32,18,22,128,3,3,16,1,1,1,954,12.365284
NPU_INT8,NPU_INT8,NPU_INT32,18,22,256,3,3,16,1,1,1,1895,12.450111
NPU_INT8,NPU_INT8,NPU_INT32,20,24,512,3,3,16,1,1,1,19859,2.940358
NPU_INT8,NPU_INT8,NPU_INT32,20,24,8,3,3,32,1,1,1,632,2.887291
NPU_INT8,NPU_INT8,NPU_INT32,20,24,16,3,3,32,1,1,1,682,5.351226
NPU_INT8,NPU_INT8,NPU_INT32,20,24,32,3,3,32,1,1,1,789,9.251042
NPU_INT8,NPU_INT8,NPU_INT32,20,24,64,3,3,32,1,1,1,1163,12.552145
NPU_INT8,NPU_INT8,NPU_INT32,20,24,128,3,3,32,1,1,1,2093,13.949493
NPU_INT8,NPU_INT8,NPU_INT32,10,16,256,3,3,32,1,1,1,1809,9.129393
NPU_INT8,NPU_INT8,NPU_INT32,10,16,512,3,3,32,1,1,1,8236,4.010459
NPU_INT8,NPU_INT8,NPU_INT32,10,16,8,3,3,64,1,1,1,389,2.65345
NPU_INT8,NPU_INT8,NPU_INT32,16,20,16,3,3,64,1,1,1,847,5.483901
NPU_INT8,NPU_INT8,NPU_INT32,16,20,32,3,3,64,1,1,1,938,9.903761
NPU_INT8,NPU_INT8,NPU_INT32,16,20,64,3,3,64,1,1,1,1199,15.495794
NPU_INT8,NPU_INT8,NPU_INT32,16,20,128,3,3,64,1,1,1,2084,17.830572
NPU_INT8,NPU_INT8,NPU_INT32,16,20,256,3,3,64,1,1,1,6440,11.540035
NPU_INT8,NPU_INT8,NPU_INT32,16,20,512,3,3,64,1,1,1,36564,4.065082
NPU_INT8,NPU_INT8,NPU_INT32,16,20,8,3,3,128,1,1,1,1480,3.138422
NPU_INT8,NPU_INT8,NPU_INT32,18,22,16,3,3,128,1,1,1,2049,5.757189
NPU_INT8,NPU_INT8,NPU_INT32,18,22,32,3,3,128,1,1,1,2275,10.370532
NPU_INT8,NPU_INT8,NPU_INT32,20,24,64,3,3,128,1,1,1,3618,16.139463
NPU_INT8,NPU_INT8,NPU_INT32,20,24,128,3,3,128,1,1,1,8088,14.439312
NPU_INT8,NPU_INT8,NPU_INT32,20,24,256,3,3,128,1,1,1,27919,8.365998
NPU_INT8,NPU_INT8,NPU_INT32,20,24,512,3,3,128,1,1,1,158667,2.944157
NPU_INT8,NPU_INT8,NPU_INT32,20,24,8,3,3,256,1,1,1,4589,3.181117
NPU_INT8,NPU_INT8,NPU_INT32,20,24,16,3,3,256,1,1,1,4829,6.046032
NPU_INT8,NPU_INT8,NPU_INT32,20,24,32,3,3,256,1,1,1,5327,10.961625
NPU_INT8,NPU_INT8,NPU_INT32,10,14,64,3,3,256,1,1,1,1849,15.311817
NPU_INT8,NPU_INT8,NPU_INT32,10,14,128,3,3,256,1,1,1,3144,18.009892
NPU_INT8,NPU_INT8,NPU_INT32,10,14,256,3,3,256,1,1,1,12989,8.718624
NPU_INT8,NPU_INT8,NPU_INT32,14,20,512,3,3,256,1,1,1,119871,4.251303
NPU_INT8,NPU_INT8,NPU_INT32,26,32,128,3,3,128,1,1,1,13793,15.394522
NPU_INT8,NPU_INT8,NPU_INT32,26,32,256,3,3,128,1,1,1,47980,8.851048
NPU_INT8,NPU_INT8,NPU_INT32,26,32,512,3,3,128,1,1,1,228719,3.713493
NPU_INT8,NPU_INT8,NPU_INT32,26,32,512,3,3,256,1,1,1,457400,3.713802
NPU_INT8,NPU_INT8,NPU_INT32,28,32,128,3,3,256,1,1,1,29225,15.742096
NPU_INT8,NPU_INT8,NPU_INT32,28,32,256,3,3,256,1,1,1,111485,8.253357
NPU_INT8,NPU_INT8,NPU_INT32,36,42,64,3,3,8,1,1,1,1184,10.585946
NPU_INT8,NPU_INT8,NPU_INT32,36,42,256,3,3,16,1,1,1,7703,13.017017
NPU_INT8,NPU_INT8,NPU_INT32,36,42,256,3,3,8,1,1,1,3920,12.789551
NPU_INT8,NPU_INT8,NPU_INT32,42,46,512,3,3,64,1,1,1,247270,4.198205
NPU_INT8,NPU_INT8,NPU_INT32,46,52,512,3,3,8,1,1,1,59407,2.730345
NPU_INT8,NPU_INT8,NPU_INT32,56,64,16,3,3,256,1,1,1,40166,6.14553
NPU_INT8,NPU_INT8,NPU_INT32,56,64,512,3,3,16,1,1,1,133778,3.690313
NPU_INT8,NPU_INT8,NPU_INT32,56,64,32,3,3,256,1,1,1,44926,10.988797
NPU_INT8,NPU_INT8,NPU_INT32,64,66,64,3,3,256,1,1,1,69070,16.942389
NPU_INT8,NPU_INT8,NPU_INT32,64,66,256,3,3,64,1,1,1,100669,11.62434
NPU_INT8,NPU_INT8,NPU_INT32,68,76,128,3,3,32,1,1,1,17986,20.020435
NPU_INT8,NPU_INT8,NPU_INT32,68,76,256,3,3,32,1,1,1,59306,12.143377
NPU_INT8,NPU_INT8,NPU_INT32,68,76,512,3,3,32,1,1,1,413724,3.481428
NPU_INT8,NPU_INT8,NPU_INT32,68,76,8,3,3,64,1,1,1,14162,3.17829
NPU_INT8,NPU_INT8,NPU_INT32,78,82,64,3,3,64,1,1,1,25107,17.854235
NPU_INT8,NPU_INT8,NPU_INT32,78,82,128,3,3,64,1,1,1,59715,15.013523
NPU_INT8,NPU_INT8,NPU_INT32,78,82,8,3,3,256,1,1,1,68236,3.284676
NPU_INT8,NPU_INT8,NPU_INT32,78,82,8,3,3,8,1,1,1,2753,2.544192
NPU_INT8,NPU_INT8,NPU_INT32,78,82,32,3,3,128,1,1,1,41159,10.891087
NPU_INT8,NPU_INT8,NPU_INT32,84,90,64,3,3,128,1,1,1,66048,16.11014
NPU_INT8,NPU_INT8,NPU_INT32,84,90,64,3,3,32,1,1,1,19010,13.993195
NPU_INT8,NPU_INT8,NPU_INT32,84,90,128,3,3,8,1,1,1,8826,15.069715
NPU_INT8,NPU_INT8,NPU_INT32,84,90,32,3,3,32,1,1,1,11648,11.418726
NPU_INT8,NPU_INT8,NPU_INT32,84,90,8,3,3,128,1,1,1,40870,3.254351
NPU_INT8,NPU_INT8,NPU_INT32,92,98,16,3,3,128,1,1,1,49896,6.383376
NPU_INT8,NPU_INT8,NPU_INT32,92,98,128,3,3,16,1,1,1,14450,22.041862
NPU_INT8,NPU_INT8,NPU_INT32,92,98,64,3,3,16,1,1,1,10529,15.125128
NPU_INT8,NPU_INT8,NPU_INT32,92,98,8,3,3,32,1,1,1,12926,3.08008
NPU_INT8,NPU_INT8,NPU_INT32,106,102,16,3,3,32,1,1,1,15900,6.028076
NPU_INT8,NPU_INT8,NPU_INT32,106,108,16,3,3,8,1,1,1,5684,4.46856
NPU_INT8,NPU_INT8,NPU_INT32,114,108,32,3,3,8,1,1,1,7220,7.577033
NPU_INT8,NPU_INT8,NPU_INT32,114,112,32,3,3,16,1,1,1,11486,9.885176
NPU_INT8,NPU_INT8,NPU_INT32,122,116,8,3,3,16,1,1,1,10549,2.987839
NPU_INT8,NPU_INT8,NPU_INT32,122,120,16,3,3,16,1,1,1,11530,5.659088
NPU_INT8,NPU_INT8,NPU_INT32,128,128,16,3,3,64,1,1,1,46699,6.266225
NPU_INT8,NPU_INT8,NPU_INT32,112,104,32,3,3,64,1,1,1,37047,11.164577
NPU_INT8,NPU_INT8,NPU_INT32,112,112,8,3,3,8,1,1,1,5632,2.475
NPU_INT8,NPU_INT8,NPU_INT32,224,224,8,3,3,8,1,1,1,23437,2.422459
NPU_INT8,NPU_INT8,NPU_INT8,6,8,32,3,3,1,1,1,0,37,0.373622
NPU_INT8,NPU_INT8,NPU_INT8,8,8,64,3,3,1,1,1,0,50,0.82944
NPU_INT8,NPU_INT8,NPU_INT8,4,6,256,3,3,1,1,1,0,58,0.635586
NPU_INT8,NPU_INT8,NPU_INT8,6,8,512,3,3,1,1,1,0,160,1.3824
NPU_INT8,NPU_INT8,NPU_INT8,12,16,8,3,3,1,1,1,0,35,0.576
NPU_INT8,NPU_INT8,NPU_INT8,12,16,16,3,3,1,1,1,0,43,0.937674
NPU_INT8,NPU_INT8,NPU_INT8,16,18,32,3,3,1,1,1,0,78,1.654154
NPU_INT8,NPU_INT8,NPU_INT8,16,18,64,3,3,1,1,1,0,134,1.925731
NPU_INT8,NPU_INT8,NPU_INT8,16,18,128,3,3,1,1,1,0,407,1.268049
NPU_INT8,NPU_INT8,NPU_INT8,20,24,256,3,3,1,1,1,0,2244,0.813177
NPU_INT8,NPU_INT8,NPU_INT8,20,24,512,3,3,1,1,1,0,7051,0.517591
NPU_INT8,NPU_INT8,NPU_INT8,34,42,256,3,3,1,1,1,0,6926,0.851609
NPU_INT8,NPU_INT8,NPU_INT8,34,42,512,3,3,1,1,1,0,19002,0.620802
NPU_INT8,NPU_INT8,NPU_INT8,58,66,64,3,3,1,1,1,0,2273,1.81644
NPU_INT8,NPU_INT8,NPU_INT8,58,66,128,3,3,1,1,1,0,6120,1.349271
NPU_INT8,NPU_INT8,NPU_INT8,72,88,8,3,3,1,1,1,0,1032,0.84
NPU_INT8,NPU_INT8,NPU_INT8,72,88,16,3,3,1,1,1,0,1586,1.093165
NPU_INT8,NPU_INT8,NPU_INT8,72,88,32,3,3,1,1,1,0,2690,1.289041
NPU_INT8,NPU_INT8,NPU_INT8,112,112,32,3,3,1,1,1,0,4929,1.413999
NPU_INT8,NPU_INT8,NPU_INT8,224,224,16,3,3,1,1,1,0,12240,1.159624
NPU_INT8,NPU_INT8,NPU_INT8,6,8,32,3,3,1,2,2,0,38,0.090947
NPU_INT8,NPU_INT8,NPU_INT8,8,8,64,3,3,1,2,2,0,57,0.181895
NPU_INT8,NPU_INT8,NPU_INT8,4,6,256,3,3,1,2,2,0,99,0.093091
NPU_INT8,NPU_INT8,NPU_INT8,6,8,512,3,3,1,2,2,0,226,0.244673
NPU_INT8,NPU_INT8,NPU_INT8,12,16,8,3,3,1,2,2,0,35,0.144
NPU_INT8,NPU_INT8,NPU_INT8,12,16,16,3,3,1,2,2,0,42,0.24
NPU_INT8,NPU_INT8,NPU_INT8,16,18,32,3,3,1,2,2,0,70,0.4608
NPU_INT8,NPU_INT8,NPU_INT8,16,18,64,3,3,1,2,2,0,114,0.565895
NPU_INT8,NPU_INT8,NPU_INT8,16,18,128,3,3,1,2,2,0,201,0.64191
NPU_INT8,NPU_INT8,NPU_INT8,20,24,256,3,3,1,2,2,0,1526,0.298946
NPU_INT8,NPU_INT8,NPU_INT8,20,24,512,3,3,1,2,2,0,8906,0.102446
NPU_INT8,NPU_INT8,NPU_INT8,34,42,256,3,3,1,2,2,0,3327,0.44321
NPU_INT8,NPU_INT8,NPU_INT8,34,42,512,3,3,1,2,2,0,12975,0.227293
NPU_INT8,NPU_INT8,NPU_INT8,58,66,64,3,3,1,2,2,0,1411,0.731532
NPU_INT8,NPU_INT8,NPU_INT8,58,66,128,3,3,1,2,2,0,3119,0.661874
NPU_INT8,NPU_INT8,NPU_INT8,72,88,8,3,3,1,2,2,0,448,0.48375
NPU_INT8,NPU_INT8,NPU_INT8,72,88,16,3,3,1,2,2,0,724,0.598674
NPU_INT8,NPU_INT8,NPU_INT8,72,88,32,3,3,1,2,2,0,1276,0.679373
NPU_INT8,NPU_INT8,NPU_INT8,112,112,32,3,3,1,2,2,0,2316,0.752332
NPU_INT8,NPU_INT8,NPU_INT8,224,224,16,3,3,1,2,2,0,4792,0.740494
NPU_INT8,NPU_INT8,NPU_INT32,6,8,32,3,3,1,1,1,0,41,0.337171
NPU_INT8,NPU_INT8,NPU_INT32,8,8,64,3,3,1,1,1,0,67,0.618985
NPU_INT8,NPU_INT8,NPU_INT32,4,6,256,3,3,1,1,1,0,76,0.485053
NPU_INT8,NPU_INT8,NPU_INT32,6,8,512,3,3,1,1,1,0,691,0.320093
NPU_INT8,NPU_INT8,NPU_INT32,12,16,8,3,3,1,1,1,0,44,0.458182
NPU_INT8,NPU_INT8,NPU_INT32,12,16,16,3,3,1,1,1,0,62,0.650323
NPU_INT8,NPU_INT8,NPU_INT32,16,18,32,3,3,1,1,1,0,137,0.941781
NPU_INT8,NPU_INT8,NPU_INT32,16,18,64,3,3,1,1,1,0,340,0.758965
NPU_INT8,NPU_INT8,NPU_INT32,16,18,128,3,3,1,1,1,0,746,0.691818
NPU_INT8,NPU_INT8,NPU_INT32,20,24,256,3,3,1,1,1,0,4512,0.404426
NPU_INT8,NPU_INT8,NPU_INT32,20,24,512,3,3,1,1,1,0,15517,0.235196
NPU_INT8,NPU_INT8,NPU_INT32,34,42,256,3,3,1,1,1,0,12703,0.464319
NPU_INT8,NPU_INT8,NPU_INT32,34,42,512,3,3,1,1,1,0,46960,0.251203
NPU_INT8,NPU_INT8,NPU_INT32,58,66,64,3,3,1,1,1,0,5053,0.817092
NPU_INT8,NPU_INT8,NPU_INT32,58,66,128,3,3,1,1,1,0,11491,0.718609
NPU_INT8,NPU_INT8,NPU_INT32,72,88,8,3,3,1,1,1,0,1416,0.612203
NPU_INT8,NPU_INT8,NPU_INT32,72,88,16,3,3,1,1,1,0,2340,0.740923
NPU_INT8,NPU_INT8,NPU_INT32,72,88,32,3,3,1,1,1,0,4196,0.826387
NPU_INT8,NPU_INT8,NPU_INT32,112,112,32,3,3,1,1,1,0,7963,0.875248
NPU_INT8,NPU_INT8,NPU_INT32,224,224,16,3,3,1,1,1,0,18430,0.770146
NPU_INT8,NPU_INT8,NPU_INT32,6,8,32,3,3,1,2,2,0,40,0.0864
NPU_INT8,NPU_INT8,NPU_INT32,8,8,64,3,3,1,2,2,0,62,0.167226
NPU_INT8,NPU_INT8,NPU_INT32,4,6,256,3,3,1,2,2,0,104,0.088615
NPU_INT8,NPU_INT8,NPU_INT32,6,8,512,3,3,1,2,2,0,252,0.219429
NPU_INT8,NPU_INT8,NPU_INT32,12,16,8,3,3,1,2,2,0,38,0.132632
NPU_INT8,NPU_INT8,NPU_INT32,12,16,16,3,3,1,2,2,0,48,0.21
NPU_INT8,NPU_INT8,NPU_INT32,16,18,32,3,3,1,2,2,0,85,0.379482
NPU_INT8,NPU_INT8,NPU_INT32,16,18,64,3,3,1,2,2,0,143,0.451133
NPU_INT8,NPU_INT8,NPU_INT32,16,18,128,3,3,1,2,2,0,371,0.347774
NPU_INT8,NPU_INT8,NPU_INT32,20,24,256,3,3,1,2,2,0,1716,0.265846
NPU_INT8,NPU_INT8,NPU_INT32,20,24,512,3,3,1,2,2,0,20712,0.044051
NPU_INT8,NPU_INT8,NPU_INT32,34,42,256,3,3,1,2,2,0,4047,0.364359
NPU_INT8,NPU_INT8,NPU_INT32,34,42,512,3,3,1,2,2,0,14150,0.208418
NPU_INT8,NPU_INT8,NPU_INT32,58,66,64,3,3,1,2,2,0,2111,0.488959
NPU_INT8,NPU_INT8,NPU_INT32,58,66,128,3,3,1,2,2,0,5527,0.373509
NPU_INT8,NPU_INT8,NPU_INT32,72,88,8,3,3,1,2,2,0,546,0.396923
NPU_INT8,NPU_INT8,NPU_INT32,72,88,16,3,3,1,2,2,0,918,0.472157
NPU_INT8,NPU_INT8,NPU_INT32,72,88,32,3,3,1,2,2,0,1654,0.524111
NPU_INT8,NPU_INT8,NPU_INT32,112,112,32,3,3,1,2,2,0,3081,0.565531
NPU_INT8,NPU_INT8,NPU_INT32,224,224,16,3,3,1,2,2,0,6338,0.559869
NPU_INT8,NPU_INT8,NPU_INT32,6,8,32,3,3,1,1,1,1,76,0.181895
NPU_INT8,NPU_INT8,NPU_INT32,8,8,64,3,3,1,1,1,1,147,0.282122
NPU_INT8,NPU_INT8,NPU_INT32,4,6,256,3,3,1,1,1,1,159,0.231849
NPU_INT8,NPU_INT8,NPU_INT32,6,8,512,3,3,1,1,1,1,1140,0.194021
NPU_INT8,NPU_INT8,NPU_INT32,12,16,8,3,3,1,1,1,1,85,0.237176
NPU_INT8,NPU_INT8,NPU_INT32,12,16,16,3,3,1,1,1,1,135,0.298667
NPU_INT8,NPU_INT8,NPU_INT32,16,18,32,3,3,1,1,1,1,354,0.364475
NPU_INT8,NPU_INT8,NPU_INT32,16,18,64,3,3,1,1,1,1,777,0.332108
NPU_INT8,NPU_INT8,NPU_INT32,16,18,128,3,3,1,1,1,1,1634,0.315848
NPU_INT8,NPU_INT8,NPU_INT32,20,24,256,3,3,1,1,1,1,7947,0.229617
NPU_INT8,NPU_INT8,NPU_INT32,20,24,512,3,3,1,1,1,1,23473,0.155478
NPU_INT8,NPU_INT8,NPU_INT32,34,42,256,3,3,1,1,1,1,23471,0.251299
NPU_INT8,NPU_INT8,NPU_INT32,34,42,512,3,3,1,1,1,1,72133,0.163538
NPU_INT8,NPU_INT8,NPU_INT32,58,66,64,3,3,1,1,1,1,11991,0.344322
NPU_INT8,NPU_INT8,NPU_INT32,58,66,128,3,3,1,1,1,1,25499,0.323838
NPU_INT8,NPU_INT8,NPU_INT32,72,88,8,3,3,1,1,1,1,2987,0.290218
NPU_INT8,NPU_INT8,NPU_INT32,72,88,16,3,3,1,1,1,1,5331,0.325222
NPU_INT8,NPU_INT8,NPU_INT32,72,88,32,3,3,1,1,1,1,10038,0.345439
NPU_INT8,NPU_INT8,NPU_INT32,112,112,32,3,3,1,1,1,1,19545,0.356592
NPU_INT8,NPU_INT8,NPU_INT32,224,224,16,3,3,1,1,1,1,42845,0.331282
NPU_INT8,NPU_INT8,NPU_INT32,6,8,32,3,3,1,2,2,1,54,0.064
NPU_INT8,NPU_INT8,NPU_INT32,8,8,64,3,3,1,2,2,1,91,0.113934
NPU_INT8,NPU_INT8,NPU_INT32,4,6,256,3,3,1,2,2,1,144,0.064
NPU_INT8,NPU_INT8,NPU_INT32,6,8,512,3,3,1,2,2,1,386,0.143254
NPU_INT8,NPU_INT8,NPU_INT32,12,16,8,3,3,1,2,2,1,54,0.093333
NPU_INT8,NPU_INT8,NPU_INT32,12,16,16,3,3,1,2,2,1,72,0.14
NPU_INT8,NPU_INT8,NPU_INT32,16,18,32,3,3,1,2,2,1,147,0.219429
NPU_INT8,NPU_INT8,NPU_INT32,16,18,64,3,3,1,2,2,1,262,0.246229
NPU_INT8,NPU_INT8,NPU_INT32,16,18,128,3,3,1,2,2,1,609,0.211862
NPU_INT8,NPU_INT8,NPU_INT32,20,24,256,3,3,1,2,2,1,2620,0.174119
NPU_INT8,NPU_INT8,NPU_INT32,20,24,512,3,3,1,2,2,1,24945,0.036576
NPU_INT8,NPU_INT8,NPU_INT32,34,42,256,3,3,1,2,2,1,6741,0.218745
NPU_INT8,NPU_INT8,NPU_INT32,34,42,512,3,3,1,2,2,1,20464,0.144113
NPU_INT8,NPU_INT8,NPU_INT32,58,66,64,3,3,1,2,2,1,3892,0.265209
NPU_INT8,NPU_INT8,NPU_INT32,58,66,128,3,3,1,2,2,1,9248,0.223225
NPU_INT8,NPU_INT8,NPU_INT32,72,88,8,3,3,1,2,2,1,956,0.226695
NPU_INT8,NPU_INT8,NPU_INT32,72,88,16,3,3,1,2,2,1,1686,0.257082
NPU_INT8,NPU_INT8,NPU_INT32,72,88,32,3,3,1,2,2,1,3143,0.275813
NPU_INT8,NPU_INT8,NPU_INT32,112,112,32,3,3,1,2,2,1,6013,0.289772
NPU_INT8,NPU_INT8,NPU_INT32,224,224,16,3,3,1,2,2,1,12360,0.287091
